loan_id,user_id,date,genre,loan_days,overdue
1,1004,2026-04-13,資格,13,0
2,1008,2026-04-13,理工,5,0
3,1018,2026-04-13,語学,6,0
4,1023,2026-04-13,資格,14,0
5,1030,2026-04-13,資格,14,0
6,1030,2026-04-13,資格,19,1
7,1039,2026-04-13,文学,12,0
8,1047,2026-04-13,理工,2,0
9,1048,2026-04-13,趣味,10,0
10,1061,2026-04-13,資格,4,0
11,1068,2026-04-13,資格,9,0
12,1080,2026-04-13,趣味,10,0
13,1084,2026-04-13,資格,6,0
14,1084,2026-04-13,資格,7,0
15,1087,2026-04-13,資格,13,0
16,1088,2026-04-13,語学,10,0
17,1088,2026-04-13,文学,10,0
18,1134,2026-04-13,社会,15,1
19,1140,2026-04-13,資格,10,0
20,1141,2026-04-13,文学,16,1
21,1150,2026-04-13,語学,9,0
22,1164,2026-04-13,資格,7,0
23,1170,2026-04-13,社会,9,0
24,1173,2026-04-13,社会,7,0
25,1005,2026-04-14,文学,23,1
26,1008,2026-04-14,社会,6,0
27,1009,2026-04-14,趣味,7,0
28,1018,2026-04-14,理工,8,0
29,1020,2026-04-14,理工,4,0
30,1022,2026-04-14,理工,8,0
31,1023,2026-04-14,資格,16,1
32,1033,2026-04-14,資格,8,0
33,1036,2026-04-14,趣味,8,0
34,1056,2026-04-14,資格,11,0
35,1057,2026-04-14,文学,4,0
36,1068,2026-04-14,趣味,10,0
37,1068,2026-04-14,語学,7,0
38,1070,2026-04-14,文学,10,0
39,1075,2026-04-14,社会,7,0
40,1081,2026-04-14,資格,12,0
41,1081,2026-04-14,資格,7,0
42,1083,2026-04-14,資格,18,1
43,1091,2026-04-14,趣味,24,1
44,1095,2026-04-14,趣味,6,0
45,1097,2026-04-14,語学,11,0
46,1112,2026-04-14,資格,13,0
47,1116,2026-04-14,資格,11,0
48,1137,2026-04-14,趣味,26,1
49,1148,2026-04-14,文学,16,1
50,1171,2026-04-14,文学,15,1
51,1172,2026-04-14,資格,15,1
52,1172,2026-04-14,社会,19,1
53,1177,2026-04-14,趣味,13,0
54,1177,2026-04-14,文学,10,0
55,1011,2026-04-15,語学,13,0
56,1013,2026-04-15,社会,7,0
57,1017,2026-04-15,理工,13,0
58,1020,2026-04-15,社会,9,0
59,1023,2026-04-15,資格,12,0
60,1028,2026-04-15,資格,12,0
61,1030,2026-04-15,資格,13,0
62,1032,2026-04-15,資格,13,0
63,1036,2026-04-15,趣味,7,0
64,1047,2026-04-15,社会,9,0
65,1056,2026-04-15,語学,11,0
66,1056,2026-04-15,資格,14,0
67,1059,2026-04-15,社会,18,1
68,1060,2026-04-15,社会,6,0
69,1070,2026-04-15,文学,9,0
70,1076,2026-04-15,社会,20,1
71,1078,2026-04-15,趣味,12,0
72,1080,2026-04-15,趣味,11,0
73,1080,2026-04-15,文学,6,0
74,1087,2026-04-15,文学,13,0
75,1087,2026-04-15,趣味,11,0
76,1097,2026-04-15,趣味,9,0
77,1099,2026-04-15,文学,14,0
78,1101,2026-04-15,趣味,12,0
79,1119,2026-04-15,資格,5,0
80,1129,2026-04-15,語学,8,0
81,1133,2026-04-15,理工,8,0
82,1138,2026-04-15,趣味,16,1
83,1149,2026-04-15,社会,14,0
84,1152,2026-04-15,語学,12,0
85,1163,2026-04-15,理工,14,0
86,1163,2026-04-15,資格,14,0
87,1009,2026-04-16,語学,9,0
88,1009,2026-04-16,文学,8,0
89,1021,2026-04-16,資格,15,1
90,1029,2026-04-16,文学,20,1
91,1038,2026-04-16,社会,8,0
92,1039,2026-04-16,趣味,8,0
93,1045,2026-04-16,趣味,15,1
94,1048,2026-04-16,社会,13,0
95,1058,2026-04-16,資格,5,0
96,1061,2026-04-16,趣味,11,0
97,1063,2026-04-16,文学,9,0
98,1068,2026-04-16,趣味,9,0
99,1084,2026-04-16,社会,7,0
100,1084,2026-04-16,趣味,13,0
101,1098,2026-04-16,資格,10,0
102,1110,2026-04-16,理工,9,0
103,1111,2026-04-16,社会,16,1
104,1117,2026-04-16,社会,12,0
105,1120,2026-04-16,社会,2,0
106,1160,2026-04-16,文学,13,0
107,1166,2026-04-16,文学,7,0
108,1003,2026-04-17,資格,16,1
109,1013,2026-04-17,理工,2,0
110,1016,2026-04-17,資格,9,0
111,1026,2026-04-17,資格,13,0
112,1048,2026-04-17,趣味,11,0
113,1050,2026-04-17,理工,4,0
114,1055,2026-04-17,趣味,20,1
115,1056,2026-04-17,理工,4,0
116,1061,2026-04-17,趣味,7,0
117,1068,2026-04-17,社会,1,0
118,1085,2026-04-17,資格,9,0
119,1087,2026-04-17,文学,7,0
120,1089,2026-04-17,趣味,12,0
121,1092,2026-04-17,資格,16,1
122,1108,2026-04-17,文学,11,0
123,1115,2026-04-17,資格,12,0
124,1116,2026-04-17,資格,13,0
125,1116,2026-04-17,語学,11,0
126,1117,2026-04-17,趣味,5,0
127,1119,2026-04-17,趣味,12,0
128,1123,2026-04-17,理工,5,0
129,1126,2026-04-17,資格,12,0
130,1132,2026-04-17,趣味,12,0
131,1133,2026-04-17,文学,21,1
132,1140,2026-04-17,資格,7,0
133,1141,2026-04-17,社会,4,0
134,1142,2026-04-17,文学,10,0
135,1143,2026-04-17,趣味,17,1
136,1150,2026-04-17,理工,16,1
137,1152,2026-04-17,趣味,8,0
138,1155,2026-04-17,理工,3,0
139,1160,2026-04-17,文学,16,1
140,1163,2026-04-17,資格,18,1
141,1166,2026-04-17,語学,10,0
142,1167,2026-04-17,理工,9,0
143,1177,2026-04-17,文学,11,0
144,1180,2026-04-17,趣味,11,0
145,1015,2026-04-18,趣味,4,0
146,1024,2026-04-18,資格,7,0
147,1026,2026-04-18,語学,17,1
148,1026,2026-04-18,趣味,14,0
149,1041,2026-04-18,趣味,8,0
150,1042,2026-04-18,語学,14,0
151,1042,2026-04-18,社会,12,0
152,1048,2026-04-18,文学,12,0
153,1061,2026-04-18,趣味,8,0
154,1070,2026-04-18,語学,8,0
155,1078,2026-04-18,語学,11,0
156,1082,2026-04-18,理工,10,0
157,1084,2026-04-18,文学,7,0
158,1084,2026-04-18,趣味,14,0
159,1088,2026-04-18,文学,8,0
160,1115,2026-04-18,趣味,13,0
161,1124,2026-04-18,語学,12,0
162,1129,2026-04-18,趣味,12,0
163,1133,2026-04-18,文学,15,1
164,1135,2026-04-18,理工,4,0
165,1146,2026-04-18,文学,22,1
166,1149,2026-04-18,趣味,12,0
167,1150,2026-04-18,社会,16,1
168,1170,2026-04-18,理工,6,0
169,1173,2026-04-18,理工,6,0
170,1176,2026-04-18,語学,5,0
171,1015,2026-04-19,趣味,10,0
172,1020,2026-04-19,社会,5,0
173,1026,2026-04-19,資格,10,0
174,1026,2026-04-19,資格,15,1
175,1036,2026-04-19,語学,10,0
176,1037,2026-04-19,文学,13,0
177,1053,2026-04-19,文学,15,1
178,1059,2026-04-19,文学,10,0
179,1059,2026-04-19,社会,14,0
180,1065,2026-04-19,語学,10,0
181,1074,2026-04-19,理工,13,0
182,1078,2026-04-19,趣味,11,0
183,1082,2026-04-19,趣味,11,0
184,1086,2026-04-19,理工,17,1
185,1097,2026-04-19,文学,11,0
186,1097,2026-04-19,趣味,12,0
187,1100,2026-04-19,理工,3,0
188,1103,2026-04-19,文学,10,0
189,1109,2026-04-19,理工,18,1
190,1125,2026-04-19,文学,9,0
191,1128,2026-04-19,資格,10,0
192,1129,2026-04-19,趣味,10,0
193,1132,2026-04-19,趣味,15,1
194,1141,2026-04-19,語学,13,0
195,1141,2026-04-19,趣味,10,0
196,1142,2026-04-19,趣味,10,0
197,1142,2026-04-19,社会,8,0
198,1144,2026-04-19,社会,8,0
199,1154,2026-04-19,趣味,12,0
200,1173,2026-04-19,社会,8,0
201,1008,2026-04-20,社会,5,0
202,1015,2026-04-20,趣味,9,0
203,1017,2026-04-20,社会,11,0
204,1017,2026-04-20,資格,12,0
205,1045,2026-04-20,文学,10,0
206,1045,2026-04-20,趣味,13,0
207,1047,2026-04-20,社会,7,0
208,1061,2026-04-20,語学,9,0
209,1068,2026-04-20,文学,12,0
210,1071,2026-04-20,語学,4,0
211,1073,2026-04-20,資格,18,1
212,1076,2026-04-20,社会,11,0
213,1076,2026-04-20,趣味,11,0
214,1078,2026-04-20,趣味,7,0
215,1081,2026-04-20,資格,9,0
216,1087,2026-04-20,文学,14,0
217,1096,2026-04-20,理工,5,0
218,1097,2026-04-20,社会,11,0
219,1122,2026-04-20,理工,8,0
220,1123,2026-04-20,理工,9,0
221,1132,2026-04-20,文学,7,0
222,1132,2026-04-20,趣味,6,0
223,1133,2026-04-20,趣味,9,0
224,1152,2026-04-20,趣味,14,0
225,1172,2026-04-20,文学,6,0
226,1172,2026-04-20,趣味,14,0
227,1175,2026-04-20,資格,11,0
228,1001,2026-04-21,語学,8,0
229,1010,2026-04-21,趣味,17,1
230,1014,2026-04-21,文学,6,0
231,1015,2026-04-21,趣味,9,0
232,1019,2026-04-21,資格,14,0
233,1042,2026-04-21,資格,14,0
234,1044,2026-04-21,社会,7,0
235,1051,2026-04-21,社会,6,0
236,1052,2026-04-21,文学,24,1
237,1057,2026-04-21,趣味,10,0
238,1058,2026-04-21,文学,11,0
239,1059,2026-04-21,趣味,8,0
240,1061,2026-04-21,理工,10,0
241,1068,2026-04-21,社会,10,0
242,1076,2026-04-21,趣味,9,0
243,1101,2026-04-21,文学,6,0
244,1105,2026-04-21,語学,7,0
245,1108,2026-04-21,文学,14,0
246,1110,2026-04-21,理工,2,0
247,1117,2026-04-21,語学,9,0
248,1127,2026-04-21,趣味,18,1
249,1147,2026-04-21,社会,17,1
250,1005,2026-04-22,文学,20,1
251,1015,2026-04-22,趣味,8,0
252,1020,2026-04-22,理工,5,0
253,1024,2026-04-22,趣味,13,0
254,1024,2026-04-22,趣味,10,0
255,1026,2026-04-22,語学,10,0
256,1027,2026-04-22,理工,5,0
257,1036,2026-04-22,文学,7,0
258,1048,2026-04-22,趣味,11,0
259,1058,2026-04-22,社会,9,0
260,1058,2026-04-22,社会,5,0
261,1061,2026-04-22,趣味,10,0
262,1082,2026-04-22,文学,11,0
263,1087,2026-04-22,文学,16,1
264,1090,2026-04-22,社会,22,1
265,1097,2026-04-22,趣味,16,1
266,1098,2026-04-22,資格,14,0
267,1099,2026-04-22,趣味,7,0
268,1102,2026-04-22,理工,9,0
269,1105,2026-04-22,理工,3,0
270,1111,2026-04-22,趣味,7,0
271,1117,2026-04-22,趣味,7,0
272,1118,2026-04-22,理工,17,1
273,1128,2026-04-22,理工,7,0
274,1131,2026-04-22,資格,12,0
275,1132,2026-04-22,文学,2,0
276,1134,2026-04-22,資格,7,0
277,1141,2026-04-22,趣味,12,0
278,1157,2026-04-22,文学,20,1
279,1162,2026-04-22,理工,7,0
280,1177,2026-04-22,文学,13,0
281,1012,2026-04-23,理工,9,0
282,1021,2026-04-23,社会,13,0
283,1029,2026-04-23,理工,12,0
284,1037,2026-04-23,資格,17,1
285,1046,2026-04-23,資格,10,0
286,1071,2026-04-23,理工,4,0
287,1075,2026-04-23,資格,13,0
288,1100,2026-04-23,資格,9,0
289,1108,2026-04-23,語学,20,1
290,1113,2026-04-23,文学,13,0
291,1134,2026-04-23,資格,5,0
292,1134,2026-04-23,資格,3,0
293,1142,2026-04-23,趣味,14,0
294,1149,2026-04-23,社会,17,1
295,1150,2026-04-23,文学,8,0
296,1174,2026-04-23,社会,12,0
297,1175,2026-04-23,資格,14,0
298,1175,2026-04-23,社会,13,0
299,1003,2026-04-24,社会,8,0
300,1022,2026-04-24,社会,7,0
301,1023,2026-04-24,資格,8,0
302,1024,2026-04-24,文学,10,0
303,1027,2026-04-24,社会,9,0
304,1032,2026-04-24,資格,13,0
305,1042,2026-04-24,資格,11,0
306,1051,2026-04-24,社会,9,0
307,1055,2026-04-24,趣味,12,0
308,1057,2026-04-24,趣味,12,0
309,1062,2026-04-24,社会,22,1
310,1070,2026-04-24,文学,11,0
311,1080,2026-04-24,文学,10,0
312,1095,2026-04-24,資格,16,1
313,1101,2026-04-24,文学,10,0
314,1111,2026-04-24,趣味,8,0
315,1116,2026-04-24,資格,13,0
316,1132,2026-04-24,文学,10,0
317,1150,2026-04-24,文学,13,0
318,1151,2026-04-24,社会,5,0
319,1164,2026-04-24,語学,11,0
320,1171,2026-04-24,趣味,9,0
321,1004,2026-04-25,趣味,20,1
322,1011,2026-04-25,趣味,14,0
323,1019,2026-04-25,資格,7,0
324,1028,2026-04-25,文学,13,0
325,1031,2026-04-25,資格,16,1
326,1036,2026-04-25,趣味,12,0
327,1038,2026-04-25,社会,6,0
328,1058,2026-04-25,文学,6,0
329,1059,2026-04-25,語学,11,0
330,1061,2026-04-25,趣味,9,0
331,1075,2026-04-25,資格,16,1
332,1076,2026-04-25,社会,12,0
333,1081,2026-04-25,理工,11,0
334,1089,2026-04-25,語学,8,0
335,1091,2026-04-25,語学,14,0
336,1094,2026-04-25,資格,16,1
337,1099,2026-04-25,趣味,19,1
338,1116,2026-04-25,資格,8,0
339,1144,2026-04-25,理工,2,0
340,1150,2026-04-25,趣味,10,0
341,1152,2026-04-25,趣味,16,1
342,1155,2026-04-25,理工,11,0
343,1159,2026-04-25,社会,24,1
344,1164,2026-04-25,資格,13,0
345,1166,2026-04-25,社会,10,0
346,1009,2026-04-26,文学,8,0
347,1011,2026-04-26,文学,9,0
348,1019,2026-04-26,趣味,13,0
349,1036,2026-04-26,文学,10,0
350,1037,2026-04-26,趣味,8,0
351,1039,2026-04-26,趣味,13,0
352,1043,2026-04-26,資格,12,0
353,1049,2026-04-26,文学,19,1
354,1051,2026-04-26,社会,7,0
355,1053,2026-04-26,趣味,11,0
356,1063,2026-04-26,文学,12,0
357,1076,2026-04-26,趣味,15,1
358,1084,2026-04-26,社会,1,0
359,1085,2026-04-26,語学,13,0
360,1087,2026-04-26,社会,9,0
361,1089,2026-04-26,文学,13,0
362,1095,2026-04-26,語学,16,1
363,1098,2026-04-26,資格,11,0
364,1099,2026-04-26,趣味,14,0
365,1101,2026-04-26,趣味,13,0
366,1112,2026-04-26,資格,14,0
367,1117,2026-04-26,社会,6,0
368,1126,2026-04-26,趣味,15,1
369,1163,2026-04-26,資格,8,0
370,1164,2026-04-26,資格,11,0
371,1011,2026-04-27,理工,15,1
372,1012,2026-04-27,理工,6,0
373,1015,2026-04-27,語学,9,0
374,1024,2026-04-27,文学,12,0
375,1032,2026-04-27,社会,17,1
376,1037,2026-04-27,語学,16,1
377,1042,2026-04-27,資格,3,0
378,1061,2026-04-27,社会,9,0
379,1073,2026-04-27,資格,8,0
380,1075,2026-04-27,趣味,9,0
381,1086,2026-04-27,文学,16,1
382,1087,2026-04-27,趣味,13,0
383,1089,2026-04-27,文学,8,0
384,1111,2026-04-27,語学,8,0
385,1129,2026-04-27,資格,16,1
386,1132,2026-04-27,文学,8,0
387,1134,2026-04-27,資格,11,0
388,1138,2026-04-27,文学,15,1
389,1140,2026-04-27,資格,10,0
390,1149,2026-04-27,語学,13,0
391,1169,2026-04-27,理工,8,0
392,1172,2026-04-27,文学,25,1
393,1173,2026-04-27,社会,7,0
394,1003,2026-04-28,語学,13,0
395,1012,2026-04-28,社会,8,0
396,1015,2026-04-28,文学,6,0
397,1027,2026-04-28,理工,7,0
398,1036,2026-04-28,文学,10,0
399,1037,2026-04-28,趣味,16,1
400,1039,2026-04-28,理工,11,0
401,1040,2026-04-28,文学,5,0
402,1046,2026-04-28,資格,11,0
403,1051,2026-04-28,理工,2,0
404,1056,2026-04-28,資格,10,0
405,1063,2026-04-28,趣味,12,0
406,1063,2026-04-28,趣味,11,0
407,1070,2026-04-28,理工,15,1
408,1074,2026-04-28,資格,15,1
409,1074,2026-04-28,資格,10,0
410,1075,2026-04-28,社会,10,0
411,1081,2026-04-28,資格,14,0
412,1084,2026-04-28,文学,11,0
413,1096,2026-04-28,理工,4,0
414,1100,2026-04-28,理工,4,0
415,1103,2026-04-28,理工,14,0
416,1115,2026-04-28,資格,14,0
417,1124,2026-04-28,資格,15,1
418,1171,2026-04-28,趣味,17,1
419,1175,2026-04-28,語学,15,1
420,1176,2026-04-28,社会,7,0
421,1177,2026-04-28,文学,11,0
422,1001,2026-04-29,資格,18,1
423,1005,2026-04-29,文学,22,1
424,1009,2026-04-29,趣味,14,0
425,1019,2026-04-29,資格,13,0
426,1019,2026-04-29,理工,16,1
427,1019,2026-04-29,資格,13,0
428,1025,2026-04-29,資格,15,1
429,1040,2026-04-29,理工,8,0
430,1070,2026-04-29,趣味,8,0
431,1074,2026-04-29,資格,21,1
432,1075,2026-04-29,文学,11,0
433,1076,2026-04-29,語学,10,0
434,1082,2026-04-29,文学,6,0
435,1084,2026-04-29,文学,8,0
436,1087,2026-04-29,趣味,8,0
437,1120,2026-04-29,資格,7,0
438,1176,2026-04-29,社会,12,0
439,1003,2026-04-30,資格,15,1
440,1030,2026-04-30,理工,19,1
441,1037,2026-04-30,趣味,12,0
442,1042,2026-04-30,文学,9,0
443,1053,2026-04-30,趣味,8,0
444,1056,2026-04-30,資格,10,0
445,1056,2026-04-30,資格,18,1
446,1063,2026-04-30,趣味,14,0
447,1068,2026-04-30,文学,16,1
448,1076,2026-04-30,社会,10,0
449,1081,2026-04-30,文学,12,0
450,1087,2026-04-30,趣味,14,0
451,1095,2026-04-30,資格,11,0
452,1097,2026-04-30,社会,8,0
453,1101,2026-04-30,趣味,11,0
454,1104,2026-04-30,文学,17,1
455,1112,2026-04-30,資格,19,1
456,1119,2026-04-30,社会,13,0
457,1128,2026-04-30,理工,9,0
458,1139,2026-04-30,理工,3,0
459,1140,2026-04-30,資格,13,0
460,1141,2026-04-30,文学,16,1
461,1149,2026-04-30,趣味,16,1
462,1152,2026-04-30,資格,9,0
463,1164,2026-04-30,資格,10,0
464,1177,2026-04-30,文学,9,0
465,1007,2026-05-01,語学,14,0
466,1015,2026-05-01,趣味,8,0
467,1028,2026-05-01,文学,9,0
468,1031,2026-05-01,語学,5,0
469,1037,2026-05-01,社会,22,1
470,1037,2026-05-01,文学,13,0
471,1041,2026-05-01,社会,14,0
472,1046,2026-05-01,資格,11,0
473,1059,2026-05-01,文学,9,0
474,1063,2026-05-01,趣味,11,0
475,1071,2026-05-01,資格,4,0
476,1075,2026-05-01,趣味,18,1
477,1077,2026-05-01,理工,6,0
478,1078,2026-05-01,語学,12,0
479,1081,2026-05-01,資格,8,0
480,1102,2026-05-01,理工,4,0
481,1115,2026-05-01,資格,16,1
482,1117,2026-05-01,語学,7,0
483,1117,2026-05-01,趣味,13,0
484,1120,2026-05-01,資格,15,1
485,1129,2026-05-01,理工,8,0
486,1148,2026-05-01,趣味,21,1
487,1149,2026-05-01,文学,12,0
488,1154,2026-05-01,趣味,12,0
489,1154,2026-05-01,趣味,19,1
490,1170,2026-05-01,理工,3,0
491,1177,2026-05-01,文学,13,0
492,1001,2026-05-02,資格,9,0
493,1001,2026-05-02,趣味,4,0
494,1015,2026-05-02,趣味,11,0
495,1017,2026-05-02,資格,16,1
496,1019,2026-05-02,理工,19,1
497,1023,2026-05-02,資格,9,0
498,1025,2026-05-02,資格,11,0
499,1032,2026-05-02,語学,16,1
500,1043,2026-05-02,資格,11,0
501,1063,2026-05-02,趣味,10,0
502,1069,2026-05-02,社会,12,0
503,1073,2026-05-02,資格,14,0
504,1080,2026-05-02,社会,11,0
505,1080,2026-05-02,語学,5,0
506,1082,2026-05-02,語学,10,0
507,1087,2026-05-02,趣味,11,0
508,1095,2026-05-02,理工,9,0
509,1119,2026-05-02,趣味,14,0
510,1124,2026-05-02,資格,18,1
511,1125,2026-05-02,文学,7,0
512,1141,2026-05-02,趣味,11,0
513,1142,2026-05-02,社会,6,0
514,1149,2026-05-02,文学,7,0
515,1149,2026-05-02,趣味,13,0
516,1159,2026-05-02,社会,18,1
517,1172,2026-05-02,社会,23,1
518,1177,2026-05-02,文学,9,0
519,1003,2026-05-03,語学,13,0
520,1004,2026-05-03,文学,20,1
521,1023,2026-05-03,資格,14,0
522,1026,2026-05-03,資格,13,0
523,1026,2026-05-03,資格,10,0
524,1033,2026-05-03,資格,9,0
525,1043,2026-05-03,語学,16,1
526,1043,2026-05-03,資格,17,1
527,1049,2026-05-03,理工,14,0
528,1062,2026-05-03,社会,25,1
529,1062,2026-05-03,社会,25,1
530,1085,2026-05-03,社会,11,0
531,1088,2026-05-03,文学,11,0
532,1088,2026-05-03,趣味,8,0
533,1096,2026-05-03,理工,5,0
534,1115,2026-05-03,社会,15,1
535,1129,2026-05-03,趣味,12,0
536,1146,2026-05-03,趣味,19,1
537,1154,2026-05-03,趣味,11,0
538,1163,2026-05-03,資格,19,1
539,1177,2026-05-03,文学,10,0
540,1001,2026-05-04,資格,7,0
541,1011,2026-05-04,文学,12,0
542,1021,2026-05-04,社会,11,0
543,1029,2026-05-04,資格,5,0
544,1059,2026-05-04,趣味,14,0
545,1061,2026-05-04,趣味,10,0
546,1076,2026-05-04,社会,10,0
547,1087,2026-05-04,趣味,7,0
548,1088,2026-05-04,趣味,10,0
549,1092,2026-05-04,資格,16,1
550,1099,2026-05-04,社会,6,0
551,1099,2026-05-04,文学,18,1
552,1111,2026-05-04,趣味,10,0
553,1126,2026-05-04,文学,12,0
554,1131,2026-05-04,文学,14,0
555,1145,2026-05-04,資格,12,0
556,1145,2026-05-04,資格,13,0
557,1146,2026-05-04,趣味,17,1
558,1154,2026-05-04,趣味,14,0
559,1154,2026-05-04,趣味,13,0
560,1155,2026-05-04,理工,3,0
561,1165,2026-05-04,社会,29,1
562,1175,2026-05-04,社会,9,0
563,1175,2026-05-04,資格,11,0
564,1007,2026-05-05,趣味,25,1
565,1041,2026-05-05,趣味,14,0
566,1051,2026-05-05,社会,7,0
567,1060,2026-05-05,理工,7,0
568,1061,2026-05-05,趣味,6,0
569,1063,2026-05-05,語学,13,0
570,1069,2026-05-05,文学,17,1
571,1070,2026-05-05,文学,11,0
572,1070,2026-05-05,社会,11,0
573,1070,2026-05-05,語学,14,0
574,1077,2026-05-05,資格,2,0
575,1082,2026-05-05,趣味,6,0
576,1084,2026-05-05,趣味,12,0
577,1099,2026-05-05,趣味,14,0
578,1117,2026-05-05,趣味,7,0
579,1119,2026-05-05,文学,11,0
580,1122,2026-05-05,理工,11,0
581,1126,2026-05-05,資格,12,0
582,1131,2026-05-05,資格,11,0
583,1132,2026-05-05,文学,7,0
584,1152,2026-05-05,社会,11,0
585,1152,2026-05-05,趣味,14,0
586,1155,2026-05-05,理工,5,0
587,1156,2026-05-05,社会,8,0
588,1173,2026-05-05,社会,2,0
589,1015,2026-05-06,文学,9,0
590,1015,2026-05-06,資格,12,0
591,1020,2026-05-06,資格,4,0
592,1023,2026-05-06,資格,15,1
593,1024,2026-05-06,文学,5,0
594,1026,2026-05-06,資格,11,0
595,1029,2026-05-06,資格,9,0
596,1035,2026-05-06,理工,8,0
597,1036,2026-05-06,文学,11,0
598,1048,2026-05-06,資格,3,0
599,1049,2026-05-06,資格,21,1
600,1056,2026-05-06,資格,15,1
601,1065,2026-05-06,資格,8,0
602,1075,2026-05-06,趣味,7,0
603,1081,2026-05-06,語学,14,0
604,1083,2026-05-06,資格,13,0
605,1084,2026-05-06,趣味,6,0
606,1087,2026-05-06,文学,3,0
607,1099,2026-05-06,文学,8,0
608,1110,2026-05-06,資格,5,0
609,1121,2026-05-06,社会,13,0
610,1137,2026-05-06,趣味,20,1
611,1150,2026-05-06,社会,14,0
612,1160,2026-05-06,社会,13,0
613,1166,2026-05-06,文学,1,0
614,1167,2026-05-06,理工,10,0
615,1003,2026-05-07,資格,13,0
616,1026,2026-05-07,資格,11,0
617,1032,2026-05-07,理工,10,0
618,1039,2026-05-07,文学,10,0
619,1042,2026-05-07,語学,14,0
620,1046,2026-05-07,資格,17,1
621,1063,2026-05-07,趣味,12,0
622,1068,2026-05-07,趣味,12,0
623,1078,2026-05-07,資格,14,0
624,1078,2026-05-07,趣味,10,0
625,1097,2026-05-07,文学,7,0
626,1099,2026-05-07,文学,13,0
627,1114,2026-05-07,趣味,17,1
628,1115,2026-05-07,資格,15,1
629,1119,2026-05-07,文学,12,0
630,1125,2026-05-07,文学,8,0
631,1129,2026-05-07,文学,16,1
632,1145,2026-05-07,資格,8,0
633,1147,2026-05-07,趣味,9,0
634,1153,2026-05-07,社会,5,0
635,1158,2026-05-07,語学,4,0
636,1163,2026-05-07,資格,17,1
637,1004,2026-05-08,社会,15,1
638,1024,2026-05-08,趣味,10,0
639,1024,2026-05-08,理工,6,0
640,1024,2026-05-08,趣味,11,0
641,1026,2026-05-08,資格,6,0
642,1048,2026-05-08,文学,6,0
643,1057,2026-05-08,趣味,10,0
644,1057,2026-05-08,資格,8,0
645,1060,2026-05-08,資格,8,0
646,1069,2026-05-08,資格,18,1
647,1080,2026-05-08,文学,13,0
648,1084,2026-05-08,文学,10,0
649,1087,2026-05-08,文学,11,0
650,1097,2026-05-08,資格,10,0
651,1100,2026-05-08,社会,8,0
652,1118,2026-05-08,資格,14,0
653,1127,2026-05-08,資格,13,0
654,1135,2026-05-08,理工,5,0
655,1149,2026-05-08,趣味,11,0
656,1003,2026-05-09,資格,20,1
657,1009,2026-05-09,資格,13,0
658,1014,2026-05-09,理工,10,0
659,1027,2026-05-09,社会,8,0
660,1041,2026-05-09,社会,5,0
661,1042,2026-05-09,資格,14,0
662,1044,2026-05-09,理工,7,0
663,1057,2026-05-09,趣味,15,1
664,1062,2026-05-09,社会,8,0
665,1063,2026-05-09,趣味,13,0
666,1064,2026-05-09,社会,7,0
667,1068,2026-05-09,文学,12,0
668,1076,2026-05-09,文学,6,0
669,1078,2026-05-09,文学,10,0
670,1088,2026-05-09,趣味,12,0
671,1096,2026-05-09,社会,5,0
672,1127,2026-05-09,資格,14,0
673,1128,2026-05-09,社会,8,0
674,1142,2026-05-09,資格,5,0
675,1152,2026-05-09,文学,15,1
676,1154,2026-05-09,文学,6,0
677,1155,2026-05-09,理工,6,0
678,1161,2026-05-09,語学,9,0
679,1166,2026-05-09,文学,8,0
680,1166,2026-05-09,趣味,4,0
681,1168,2026-05-09,理工,8,0
682,1169,2026-05-09,理工,3,0
683,1001,2026-05-10,資格,14,0
684,1012,2026-05-10,理工,5,0
685,1015,2026-05-10,文学,12,0
686,1019,2026-05-10,文学,10,0
687,1020,2026-05-10,理工,7,0
688,1021,2026-05-10,趣味,15,1
689,1030,2026-05-10,文学,13,0
690,1033,2026-05-10,資格,10,0
691,1037,2026-05-10,資格,13,0
692,1041,2026-05-10,資格,9,0
693,1050,2026-05-10,理工,5,0
694,1053,2026-05-10,趣味,8,0
695,1061,2026-05-10,文学,9,0
696,1070,2026-05-10,趣味,12,0
697,1075,2026-05-10,理工,8,0
698,1084,2026-05-10,趣味,15,1
699,1087,2026-05-10,趣味,15,1
700,1099,2026-05-10,趣味,6,0
701,1116,2026-05-10,資格,11,0
702,1132,2026-05-10,語学,7,0
703,1154,2026-05-10,趣味,10,0
704,1176,2026-05-10,理工,9,0
705,1004,2026-05-11,理工,27,1
706,1009,2026-05-11,語学,9,0
707,1011,2026-05-11,趣味,13,0
708,1012,2026-05-11,文学,9,0
709,1021,2026-05-11,資格,11,0
710,1037,2026-05-11,文学,12,0
711,1040,2026-05-11,社会,7,0
712,1041,2026-05-11,趣味,7,0
713,1048,2026-05-11,資格,9,0
714,1066,2026-05-11,社会,2,0
715,1080,2026-05-11,社会,9,0
716,1083,2026-05-11,理工,16,1
717,1089,2026-05-11,社会,7,0
718,1090,2026-05-11,文学,21,1
719,1094,2026-05-11,資格,13,0
720,1098,2026-05-11,理工,13,0
721,1103,2026-05-11,語学,19,1
722,1105,2026-05-11,社会,7,0
723,1111,2026-05-11,趣味,10,0
724,1111,2026-05-11,理工,12,0
725,1118,2026-05-11,文学,17,1
726,1128,2026-05-11,理工,8,0
727,1143,2026-05-11,趣味,14,0
728,1145,2026-05-11,資格,12,0
729,1148,2026-05-11,趣味,22,1
730,1150,2026-05-11,社会,15,1
731,1152,2026-05-11,文学,15,1
732,1170,2026-05-11,社会,4,0
733,1002,2026-05-12,文学,9,0
734,1015,2026-05-12,趣味,13,0
735,1023,2026-05-12,趣味,15,1
736,1024,2026-05-12,趣味,4,0
737,1025,2026-05-12,理工,8,0
738,1026,2026-05-12,語学,18,1
739,1028,2026-05-12,文学,6,0
740,1031,2026-05-12,資格,11,0
741,1039,2026-05-12,文学,10,0
742,1050,2026-05-12,理工,6,0
743,1053,2026-05-12,趣味,8,0
744,1057,2026-05-12,趣味,14,0
745,1059,2026-05-12,社会,11,0
746,1064,2026-05-12,社会,4,0
747,1064,2026-05-12,資格,6,0
748,1070,2026-05-12,文学,10,0
749,1082,2026-05-12,趣味,10,0
750,1084,2026-05-12,趣味,8,0
751,1095,2026-05-12,資格,9,0
752,1112,2026-05-12,資格,14,0
753,1113,2026-05-12,語学,11,0
754,1119,2026-05-12,趣味,8,0
755,1140,2026-05-12,資格,17,1
756,1140,2026-05-12,資格,11,0
757,1152,2026-05-12,趣味,14,0
758,1162,2026-05-12,理工,8,0
759,1177,2026-05-12,文学,7,0
760,1001,2026-05-13,語学,11,0
761,1009,2026-05-13,趣味,8,0
762,1009,2026-05-13,趣味,14,0
763,1009,2026-05-13,趣味,11,0
764,1025,2026-05-13,文学,17,1
765,1037,2026-05-13,語学,13,0
766,1037,2026-05-13,趣味,12,0
767,1039,2026-05-13,趣味,12,0
768,1048,2026-05-13,社会,13,0
769,1054,2026-05-13,理工,9,0
770,1058,2026-05-13,語学,6,0
771,1059,2026-05-13,文学,13,0
772,1063,2026-05-13,文学,11,0
773,1070,2026-05-13,文学,9,0
774,1076,2026-05-13,趣味,14,0
775,1095,2026-05-13,資格,6,0
776,1107,2026-05-13,趣味,15,1
777,1111,2026-05-13,文学,6,0
778,1129,2026-05-13,趣味,9,0
779,1132,2026-05-13,文学,12,0
780,1132,2026-05-13,文学,7,0
781,1138,2026-05-13,文学,20,1
782,1144,2026-05-13,資格,8,0
783,1161,2026-05-13,理工,9,0
784,1170,2026-05-13,社会,9,0
785,1177,2026-05-13,趣味,10,0
786,1014,2026-05-14,理工,8,0
787,1029,2026-05-14,資格,13,0
788,1041,2026-05-14,文学,4,0
789,1046,2026-05-14,理工,9,0
790,1050,2026-05-14,理工,6,0
791,1057,2026-05-14,社会,10,0
792,1057,2026-05-14,趣味,7,0
793,1060,2026-05-14,社会,2,0
794,1061,2026-05-14,文学,10,0
795,1061,2026-05-14,趣味,9,0
796,1061,2026-05-14,趣味,6,0
797,1066,2026-05-14,理工,6,0
798,1080,2026-05-14,資格,11,0
799,1083,2026-05-14,資格,16,1
800,1119,2026-05-14,趣味,10,0
801,1126,2026-05-14,資格,16,1
802,1154,2026-05-14,理工,14,0
803,1163,2026-05-14,理工,19,1
804,1176,2026-05-14,資格,7,0
805,1001,2026-05-15,語学,10,0
806,1009,2026-05-15,趣味,8,0
807,1013,2026-05-15,理工,5,0
808,1019,2026-05-15,文学,14,0
809,1023,2026-05-15,資格,14,0
810,1045,2026-05-15,文学,16,1
811,1053,2026-05-15,文学,9,0
812,1059,2026-05-15,趣味,18,1
813,1068,2026-05-15,文学,10,0
814,1074,2026-05-15,資格,9,0
815,1103,2026-05-15,趣味,17,1
816,1120,2026-05-15,理工,5,0
817,1122,2026-05-15,社会,10,0
818,1129,2026-05-15,文学,14,0
819,1132,2026-05-15,理工,6,0
820,1139,2026-05-15,理工,6,0
821,1152,2026-05-15,社会,12,0
822,1154,2026-05-15,理工,10,0
823,1177,2026-05-15,語学,11,0
824,1178,2026-05-15,文学,12,0
825,1025,2026-05-16,資格,13,0
826,1028,2026-05-16,理工,2,0
827,1031,2026-05-16,資格,15,1
828,1036,2026-05-16,文学,13,0
829,1041,2026-05-16,理工,13,0
830,1053,2026-05-16,趣味,8,0
831,1057,2026-05-16,趣味,9,0
832,1060,2026-05-16,理工,4,0
833,1060,2026-05-16,社会,6,0
834,1063,2026-05-16,趣味,11,0
835,1063,2026-05-16,趣味,8,0
836,1065,2026-05-16,資格,14,0
837,1069,2026-05-16,文学,16,1
838,1099,2026-05-16,趣味,7,0
839,1100,2026-05-16,理工,7,0
840,1101,2026-05-16,理工,10,0
841,1121,2026-05-16,語学,19,1
842,1128,2026-05-16,理工,5,0
843,1130,2026-05-16,理工,10,0
844,1142,2026-05-16,文学,14,0
845,1142,2026-05-16,趣味,14,0
846,1152,2026-05-16,理工,17,1
847,1154,2026-05-16,語学,7,0
848,1176,2026-05-16,語学,14,0
849,1177,2026-05-16,文学,5,0
850,1002,2026-05-17,趣味,17,1
851,1008,2026-05-17,資格,6,0
852,1009,2026-05-17,趣味,14,0
853,1011,2026-05-17,語学,3,0
854,1028,2026-05-17,資格,13,0
855,1036,2026-05-17,趣味,11,0
856,1053,2026-05-17,趣味,12,0
857,1057,2026-05-17,文学,8,0
858,1068,2026-05-17,文学,11,0
859,1080,2026-05-17,趣味,10,0
860,1097,2026-05-17,語学,7,0
861,1111,2026-05-17,文学,7,0
862,1119,2026-05-17,趣味,6,0
863,1145,2026-05-17,資格,14,0
864,1166,2026-05-17,語学,13,0
865,1171,2026-05-17,文学,18,1
866,1173,2026-05-17,理工,10,0
867,1178,2026-05-17,社会,18,1
868,1001,2026-05-18,資格,12,0
869,1006,2026-05-18,趣味,6,0
870,1011,2026-05-18,文学,11,0
871,1015,2026-05-18,趣味,13,0
872,1025,2026-05-18,資格,5,0
873,1026,2026-05-18,語学,13,0
874,1028,2026-05-18,文学,13,0
875,1037,2026-05-18,趣味,14,0
876,1037,2026-05-18,語学,7,0
877,1038,2026-05-18,社会,9,0
878,1041,2026-05-18,語学,8,0
879,1048,2026-05-18,趣味,9,0
880,1072,2026-05-18,社会,3,0
881,1087,2026-05-18,趣味,11,0
882,1089,2026-05-18,社会,10,0
883,1105,2026-05-18,社会,5,0
884,1105,2026-05-18,語学,7,0
885,1109,2026-05-18,語学,16,1
886,1111,2026-05-18,語学,13,0
887,1112,2026-05-18,資格,15,1
888,1117,2026-05-18,文学,9,0
889,1117,2026-05-18,文学,12,0
890,1125,2026-05-18,資格,5,0
891,1127,2026-05-18,資格,9,0
892,1133,2026-05-18,趣味,9,0
893,1138,2026-05-18,理工,16,1
894,1142,2026-05-18,趣味,13,0
895,1149,2026-05-18,趣味,5,0
896,1152,2026-05-18,社会,12,0
897,1153,2026-05-18,社会,6,0
898,1155,2026-05-18,理工,8,0
899,1172,2026-05-18,社会,22,1
900,1174,2026-05-18,理工,12,0
901,1016,2026-05-19,趣味,6,0
902,1025,2026-05-19,資格,12,0
903,1033,2026-05-19,資格,9,0
904,1041,2026-05-19,趣味,6,0
905,1042,2026-05-19,文学,15,1
906,1048,2026-05-19,文学,9,0
907,1066,2026-05-19,語学,6,0
908,1084,2026-05-19,文学,9,0
909,1093,2026-05-19,資格,9,0
910,1106,2026-05-19,語学,9,0
911,1126,2026-05-19,資格,16,1
912,1131,2026-05-19,語学,19,1
913,1152,2026-05-19,文学,20,1
914,1156,2026-05-19,語学,7,0
915,1173,2026-05-19,語学,5,0
916,1015,2026-05-20,文学,16,1
917,1016,2026-05-20,社会,7,0
918,1023,2026-05-20,資格,9,0
919,1028,2026-05-20,文学,11,0
920,1036,2026-05-20,趣味,10,0
921,1056,2026-05-20,資格,11,0
922,1061,2026-05-20,文学,5,0
923,1061,2026-05-20,文学,6,0
924,1076,2026-05-20,趣味,7,0
925,1077,2026-05-20,社会,5,0
926,1078,2026-05-20,文学,14,0
927,1083,2026-05-20,資格,14,0
928,1115,2026-05-20,資格,16,1
929,1119,2026-05-20,文学,10,0
930,1125,2026-05-20,趣味,15,1
931,1127,2026-05-20,理工,14,0
932,1127,2026-05-20,資格,18,1
933,1129,2026-05-20,社会,9,0
934,1130,2026-05-20,理工,9,0
935,1137,2026-05-20,趣味,19,1
936,1142,2026-05-20,社会,11,0
937,1142,2026-05-20,文学,7,0
938,1150,2026-05-20,文学,10,0
939,1151,2026-05-20,理工,5,0
940,1152,2026-05-20,理工,15,1
941,1162,2026-05-20,文学,9,0
942,1171,2026-05-20,趣味,22,1
943,1177,2026-05-20,文学,6,0
944,1005,2026-05-21,資格,21,1
945,1011,2026-05-21,文学,20,1
946,1011,2026-05-21,語学,14,0
947,1015,2026-05-21,趣味,7,0
948,1024,2026-05-21,趣味,7,0
949,1037,2026-05-21,趣味,9,0
950,1042,2026-05-21,資格,4,0
951,1047,2026-05-21,理工,5,0
952,1048,2026-05-21,文学,10,0
953,1048,2026-05-21,文学,10,0
954,1058,2026-05-21,文学,13,0
955,1070,2026-05-21,趣味,10,0
956,1071,2026-05-21,理工,8,0
957,1089,2026-05-21,社会,7,0
958,1094,2026-05-21,資格,10,0
959,1099,2026-05-21,社会,11,0
960,1123,2026-05-21,社会,5,0
961,1123,2026-05-21,語学,7,0
962,1124,2026-05-21,資格,17,1
963,1139,2026-05-21,社会,8,0
964,1142,2026-05-21,文学,10,0
965,1148,2026-05-21,資格,13,0
966,1151,2026-05-21,語学,3,0
967,1152,2026-05-21,文学,13,0
968,1175,2026-05-21,資格,13,0
969,1177,2026-05-21,趣味,12,0
970,1179,2026-05-21,趣味,12,0
971,1010,2026-05-22,趣味,15,1
972,1010,2026-05-22,社会,19,1
973,1014,2026-05-22,語学,7,0
974,1020,2026-05-22,理工,7,0
975,1024,2026-05-22,趣味,11,0
976,1024,2026-05-22,文学,13,0
977,1024,2026-05-22,趣味,7,0
978,1033,2026-05-22,趣味,13,0
979,1037,2026-05-22,文学,10,0
980,1041,2026-05-22,趣味,4,0
981,1043,2026-05-22,語学,10,0
982,1046,2026-05-22,資格,12,0
983,1051,2026-05-22,理工,9,0
984,1059,2026-05-22,趣味,6,0
985,1059,2026-05-22,文学,12,0
986,1061,2026-05-22,趣味,13,0
987,1061,2026-05-22,文学,8,0
988,1063,2026-05-22,語学,12,0
989,1065,2026-05-22,資格,12,0
990,1075,2026-05-22,趣味,16,1
991,1092,2026-05-22,資格,11,0
992,1099,2026-05-22,文学,13,0
993,1102,2026-05-22,語学,8,0
994,1106,2026-05-22,社会,5,0
995,1111,2026-05-22,文学,10,0
996,1122,2026-05-22,社会,7,0
997,1125,2026-05-22,社会,8,0
998,1126,2026-05-22,理工,10,0
999,1136,2026-05-22,語学,15,1
1000,1150,2026-05-22,趣味,11,0
1001,1162,2026-05-22,社会,5,0
1002,1163,2026-05-22,資格,16,1
1003,1166,2026-05-22,趣味,11,0
1004,1180,2026-05-22,社会,17,1
1005,1001,2026-05-23,理工,8,0
1006,1011,2026-05-23,文学,9,0
1007,1016,2026-05-23,文学,8,0
1008,1023,2026-05-23,資格,15,1
1009,1023,2026-05-23,資格,10,0
1010,1035,2026-05-23,語学,9,0
1011,1039,2026-05-23,趣味,12,0
1012,1052,2026-05-23,理工,15,1
1013,1059,2026-05-23,文学,9,0
1014,1060,2026-05-23,語学,9,0
1015,1063,2026-05-23,趣味,9,0
1016,1068,2026-05-23,文学,7,0
1017,1078,2026-05-23,文学,11,0
1018,1087,2026-05-23,資格,10,0
1019,1099,2026-05-23,社会,8,0
1020,1099,2026-05-23,資格,12,0
1021,1107,2026-05-23,趣味,16,1
1022,1119,2026-05-23,文学,13,0
1023,1121,2026-05-23,文学,14,0
1024,1127,2026-05-23,文学,9,0
1025,1135,2026-05-23,理工,9,0
1026,1141,2026-05-23,趣味,8,0
1027,1155,2026-05-23,語学,5,0
1028,1163,2026-05-23,社会,11,0
1029,1169,2026-05-23,理工,11,0
1030,1180,2026-05-23,語学,18,1
1031,1005,2026-05-24,趣味,19,1
1032,1024,2026-05-24,文学,7,0
1033,1028,2026-05-24,文学,8,0
1034,1037,2026-05-24,文学,13,0
1035,1037,2026-05-24,文学,13,0
1036,1038,2026-05-24,社会,5,0
1037,1046,2026-05-24,資格,15,1
1038,1058,2026-05-24,趣味,8,0
1039,1068,2026-05-24,資格,10,0
1040,1073,2026-05-24,理工,10,0
1041,1073,2026-05-24,社会,14,0
1042,1076,2026-05-24,文学,11,0
1043,1084,2026-05-24,語学,8,0
1044,1093,2026-05-24,資格,7,0
1045,1099,2026-05-24,趣味,14,0
1046,1109,2026-05-24,趣味,21,1
1047,1114,2026-05-24,資格,22,1
1048,1125,2026-05-24,理工,7,0
1049,1129,2026-05-24,趣味,5,0
1050,1131,2026-05-24,文学,17,1
1051,1142,2026-05-24,趣味,10,0
1052,1142,2026-05-24,趣味,11,0
1053,1144,2026-05-24,理工,9,0
1054,1144,2026-05-24,理工,5,0
1055,1145,2026-05-24,理工,17,1
1056,1149,2026-05-24,文学,12,0
1057,1152,2026-05-24,文学,15,1
1058,1001,2026-05-25,資格,12,0
1059,1006,2026-05-25,社会,16,1
1060,1016,2026-05-25,文学,8,0
1061,1031,2026-05-25,資格,13,0
1062,1051,2026-05-25,社会,1,0
1063,1057,2026-05-25,文学,7,0
1064,1063,2026-05-25,趣味,9,0
1065,1067,2026-05-25,趣味,11,0
1066,1072,2026-05-25,社会,7,0
1067,1076,2026-05-25,文学,15,1
1068,1085,2026-05-25,資格,5,0
1069,1086,2026-05-25,資格,13,0
1070,1098,2026-05-25,資格,9,0
1071,1099,2026-05-25,文学,14,0
1072,1101,2026-05-25,資格,14,0
1073,1111,2026-05-25,資格,6,0
1074,1117,2026-05-25,文学,8,0
1075,1120,2026-05-25,資格,13,0
1076,1129,2026-05-25,文学,12,0
1077,1140,2026-05-25,資格,14,0
1078,1166,2026-05-25,社会,5,0
1079,1170,2026-05-25,社会,9,0
1080,1170,2026-05-25,理工,8,0
1081,1176,2026-05-25,理工,8,0
1082,1177,2026-05-25,趣味,15,1
1083,1024,2026-05-26,文学,4,0
1084,1024,2026-05-26,趣味,8,0
1085,1028,2026-05-26,趣味,15,1
1086,1038,2026-05-26,理工,8,0
1087,1041,2026-05-26,文学,2,0
1088,1041,2026-05-26,趣味,3,0
1089,1059,2026-05-26,文学,4,0
1090,1063,2026-05-26,社会,11,0
1091,1064,2026-05-26,社会,8,0
1092,1070,2026-05-26,語学,11,0
1093,1076,2026-05-26,文学,10,0
1094,1078,2026-05-26,文学,17,1
1095,1078,2026-05-26,語学,10,0
1096,1087,2026-05-26,趣味,19,1
1097,1091,2026-05-26,文学,13,0
1098,1097,2026-05-26,語学,11,0
1099,1115,2026-05-26,資格,15,1
1100,1125,2026-05-26,文学,8,0
1101,1142,2026-05-26,趣味,11,0
1102,1144,2026-05-26,理工,9,0
1103,1147,2026-05-26,語学,17,1
1104,1149,2026-05-26,趣味,11,0
1105,1152,2026-05-26,語学,9,0
1106,1152,2026-05-26,趣味,12,0
1107,1154,2026-05-26,文学,15,1
1108,1154,2026-05-26,資格,10,0
1109,1169,2026-05-26,理工,6,0
1110,1170,2026-05-26,理工,8,0
1111,1175,2026-05-26,語学,15,1
1112,1001,2026-05-27,資格,17,1
1113,1004,2026-05-27,社会,17,1
1114,1029,2026-05-27,社会,21,1
1115,1053,2026-05-27,趣味,11,0
1116,1057,2026-05-27,文学,10,0
1117,1063,2026-05-27,文学,10,0
1118,1073,2026-05-27,理工,13,0
1119,1082,2026-05-27,理工,12,0
1120,1087,2026-05-27,語学,10,0
1121,1093,2026-05-27,資格,7,0
1122,1098,2026-05-27,趣味,10,0
1123,1099,2026-05-27,理工,6,0
1124,1101,2026-05-27,社会,7,0
1125,1107,2026-05-27,社会,19,1
1126,1111,2026-05-27,社会,8,0
1127,1117,2026-05-27,趣味,14,0
1128,1129,2026-05-27,社会,6,0
1129,1131,2026-05-27,資格,19,1
1130,1141,2026-05-27,趣味,11,0
1131,1144,2026-05-27,語学,1,0
1132,1154,2026-05-27,社会,17,1
1133,1159,2026-05-27,趣味,8,0
1134,1162,2026-05-27,理工,3,0
1135,1168,2026-05-27,社会,4,0
1136,1177,2026-05-27,文学,12,0
1137,1001,2026-05-28,資格,14,0
1138,1009,2026-05-28,文学,9,0
1139,1012,2026-05-28,理工,6,0
1140,1019,2026-05-28,理工,11,0
1141,1024,2026-05-28,社会,13,0
1142,1026,2026-05-28,文学,11,0
1143,1042,2026-05-28,資格,8,0
1144,1046,2026-05-28,資格,13,0
1145,1066,2026-05-28,理工,6,0
1146,1067,2026-05-28,文学,8,0
1147,1097,2026-05-28,語学,5,0
1148,1101,2026-05-28,趣味,7,0
1149,1111,2026-05-28,文学,13,0
1150,1118,2026-05-28,社会,19,1
1151,1126,2026-05-28,資格,14,0
1152,1131,2026-05-28,資格,12,0
1153,1141,2026-05-28,趣味,13,0
1154,1142,2026-05-28,語学,11,0
1155,1144,2026-05-28,理工,4,0
1156,1152,2026-05-28,文学,14,0
1157,1001,2026-05-29,資格,11,0
1158,1004,2026-05-29,趣味,15,1
1159,1010,2026-05-29,趣味,14,0
1160,1011,2026-05-29,資格,12,0
1161,1043,2026-05-29,理工,11,0
1162,1058,2026-05-29,社会,5,0
1163,1084,2026-05-29,文学,9,0
1164,1084,2026-05-29,趣味,3,0
1165,1088,2026-05-29,趣味,9,0
1166,1089,2026-05-29,趣味,14,0
1167,1101,2026-05-29,趣味,7,0
1168,1108,2026-05-29,資格,11,0
1169,1122,2026-05-29,理工,9,0
1170,1141,2026-05-29,趣味,10,0
1171,1147,2026-05-29,趣味,15,1
1172,1157,2026-05-29,文学,16,1
1173,1164,2026-05-29,資格,15,1
1174,1015,2026-05-30,趣味,7,0
1175,1016,2026-05-30,資格,10,0
1176,1047,2026-05-30,社会,3,0
1177,1049,2026-05-30,趣味,15,1
1178,1053,2026-05-30,趣味,10,0
1179,1057,2026-05-30,社会,11,0
1180,1061,2026-05-30,文学,8,0
1181,1069,2026-05-30,語学,13,0
1182,1072,2026-05-30,社会,3,0
1183,1080,2026-05-30,社会,9,0
1184,1080,2026-05-30,趣味,5,0
1185,1080,2026-05-30,文学,15,1
1186,1082,2026-05-30,資格,7,0
1187,1085,2026-05-30,資格,15,1
1188,1095,2026-05-30,語学,13,0
1189,1101,2026-05-30,理工,8,0
1190,1101,2026-05-30,語学,11,0
1191,1101,2026-05-30,社会,11,0
1192,1104,2026-05-30,趣味,23,1
1193,1129,2026-05-30,趣味,8,0
1194,1137,2026-05-30,文学,26,1
1195,1139,2026-05-30,理工,4,0
1196,1141,2026-05-30,趣味,9,0
1197,1148,2026-05-30,資格,19,1
1198,1149,2026-05-30,理工,6,0
1199,1149,2026-05-30,文学,9,0
1200,1152,2026-05-30,趣味,15,1
1201,1170,2026-05-30,資格,7,0
1202,1180,2026-05-30,社会,20,1
1203,1036,2026-05-31,趣味,14,0
1204,1058,2026-05-31,文学,9,0
1205,1058,2026-05-31,社会,10,0
1206,1059,2026-05-31,社会,1,0
1207,1070,2026-05-31,語学,11,0
1208,1072,2026-05-31,理工,8,0
1209,1074,2026-05-31,資格,19,1
1210,1076,2026-05-31,文学,7,0
1211,1084,2026-05-31,語学,10,0
1212,1088,2026-05-31,趣味,11,0
1213,1088,2026-05-31,趣味,7,0
1214,1091,2026-05-31,理工,21,1
1215,1101,2026-05-31,文学,10,0
1216,1105,2026-05-31,理工,7,0
1217,1108,2026-05-31,語学,14,0
1218,1114,2026-05-31,資格,16,1
1219,1122,2026-05-31,社会,8,0
1220,1124,2026-05-31,資格,17,1
1221,1135,2026-05-31,理工,7,0
1222,1140,2026-05-31,資格,10,0
1223,1166,2026-05-31,理工,11,0
1224,1168,2026-05-31,理工,7,0
1225,1009,2026-06-01,社会,9,0
1226,1023,2026-06-01,資格,16,1
1227,1028,2026-06-01,趣味,11,0
1228,1044,2026-06-01,資格,5,0
1229,1057,2026-06-01,語学,10,0
1230,1070,2026-06-01,理工,6,0
1231,1077,2026-06-01,理工,6,0
1232,1080,2026-06-01,趣味,13,0
1233,1099,2026-06-01,趣味,10,0
1234,1111,2026-06-01,理工,7,0
1235,1124,2026-06-01,資格,16,1
1236,1125,2026-06-01,趣味,11,0
1237,1129,2026-06-01,趣味,11,0
1238,1137,2026-06-01,文学,19,1
1239,1141,2026-06-01,資格,8,0
1240,1147,2026-06-01,趣味,19,1
1241,1151,2026-06-01,理工,6,0
1242,1008,2026-06-02,語学,8,0
1243,1011,2026-06-02,趣味,9,0
1244,1021,2026-06-02,資格,13,0
1245,1023,2026-06-02,資格,10,0
1246,1026,2026-06-02,資格,11,0
1247,1043,2026-06-02,資格,23,1
1248,1044,2026-06-02,社会,5,0
1249,1057,2026-06-02,趣味,11,0
1250,1065,2026-06-02,資格,16,1
1251,1065,2026-06-02,資格,13,0
1252,1068,2026-06-02,語学,7,0
1253,1081,2026-06-02,資格,17,1
1254,1101,2026-06-02,文学,18,1
1255,1131,2026-06-02,資格,11,0
1256,1159,2026-06-02,趣味,18,1
1257,1160,2026-06-02,語学,10,0
1258,1167,2026-06-02,理工,6,0
1259,1175,2026-06-02,資格,15,1
1260,1003,2026-06-03,資格,12,0
1261,1011,2026-06-03,文学,17,1
1262,1020,2026-06-03,社会,6,0
1263,1024,2026-06-03,資格,3,0
1264,1049,2026-06-03,社会,14,0
1265,1057,2026-06-03,理工,12,0
1266,1067,2026-06-03,社会,11,0
1267,1070,2026-06-03,文学,7,0
1268,1076,2026-06-03,趣味,13,0
1269,1084,2026-06-03,趣味,6,0
1270,1089,2026-06-03,文学,8,0
1271,1097,2026-06-03,社会,12,0
1272,1117,2026-06-03,文学,9,0
1273,1121,2026-06-03,社会,15,1
1274,1143,2026-06-03,文学,21,1
1275,1157,2026-06-03,趣味,12,0
1276,1170,2026-06-03,理工,7,0
1277,1174,2026-06-03,社会,5,0
1278,1037,2026-06-04,趣味,15,1
1279,1038,2026-06-04,社会,5,0
1280,1046,2026-06-04,社会,14,0
1281,1053,2026-06-04,趣味,11,0
1282,1057,2026-06-04,趣味,14,0
1283,1059,2026-06-04,趣味,13,0
1284,1068,2026-06-04,文学,7,0
1285,1090,2026-06-04,理工,23,1
1286,1107,2026-06-04,語学,14,0
1287,1112,2026-06-04,資格,14,0
1288,1112,2026-06-04,語学,16,1
1289,1117,2026-06-04,趣味,8,0
1290,1129,2026-06-04,趣味,11,0
1291,1145,2026-06-04,理工,13,0
1292,1152,2026-06-04,語学,17,1
1293,1152,2026-06-04,趣味,17,1
1294,1155,2026-06-04,社会,8,0
1295,1165,2026-06-04,趣味,16,1
1296,1175,2026-06-04,語学,16,1
1297,1008,2026-06-05,理工,9,0
1298,1027,2026-06-05,理工,7,0
1299,1028,2026-06-05,趣味,6,0
1300,1029,2026-06-05,趣味,21,1
1301,1037,2026-06-05,社会,12,0
1302,1039,2026-06-05,趣味,10,0
1303,1042,2026-06-05,資格,15,1
1304,1057,2026-06-05,社会,15,1
1305,1065,2026-06-05,理工,7,0
1306,1087,2026-06-05,趣味,15,1
1307,1092,2026-06-05,資格,17,1
1308,1109,2026-06-05,趣味,12,0
1309,1114,2026-06-05,資格,11,0
1310,1117,2026-06-05,社会,14,0
1311,1119,2026-06-05,理工,13,0
1312,1140,2026-06-05,語学,12,0
1313,1148,2026-06-05,社会,16,1
1314,1148,2026-06-05,社会,13,0
1315,1150,2026-06-05,趣味,11,0
1316,1150,2026-06-05,趣味,11,0
1317,1157,2026-06-05,趣味,13,0
1318,1158,2026-06-05,社会,3,0
1319,1160,2026-06-05,趣味,27,1
1320,1166,2026-06-05,社会,12,0
1321,1166,2026-06-05,社会,10,0
1322,1166,2026-06-05,理工,11,0
1323,1168,2026-06-05,語学,5,0
1324,1180,2026-06-05,理工,15,1
1325,1009,2026-06-06,趣味,8,0
1326,1019,2026-06-06,資格,15,1
1327,1023,2026-06-06,語学,10,0
1328,1023,2026-06-06,社会,11,0
1329,1025,2026-06-06,資格,13,0
1330,1026,2026-06-06,資格,14,0
1331,1027,2026-06-06,理工,11,0
1332,1028,2026-06-06,趣味,10,0
1333,1033,2026-06-06,理工,11,0
1334,1053,2026-06-06,文学,7,0
1335,1074,2026-06-06,資格,12,0
1336,1086,2026-06-06,語学,20,1
1337,1087,2026-06-06,文学,13,0
1338,1097,2026-06-06,社会,9,0
1339,1101,2026-06-06,趣味,14,0
1340,1111,2026-06-06,理工,6,0
1341,1112,2026-06-06,資格,9,0
1342,1125,2026-06-06,語学,12,0
1343,1126,2026-06-06,趣味,13,0
1344,1129,2026-06-06,趣味,7,0
1345,1141,2026-06-06,趣味,11,0
1346,1149,2026-06-06,趣味,10,0
1347,1149,2026-06-06,文学,9,0
1348,1151,2026-06-06,社会,2,0
1349,1152,2026-06-06,理工,10,0
1350,1009,2026-06-07,趣味,7,0
1351,1011,2026-06-07,趣味,17,1
1352,1036,2026-06-07,資格,16,1
1353,1039,2026-06-07,趣味,13,0
1354,1042,2026-06-07,資格,9,0
1355,1048,2026-06-07,資格,9,0
1356,1058,2026-06-07,理工,9,0
1357,1068,2026-06-07,文学,10,0
1358,1074,2026-06-07,資格,14,0
1359,1080,2026-06-07,趣味,8,0
1360,1082,2026-06-07,語学,12,0
1361,1087,2026-06-07,文学,13,0
1362,1097,2026-06-07,文学,10,0
1363,1099,2026-06-07,文学,6,0
1364,1099,2026-06-07,趣味,9,0
1365,1102,2026-06-07,社会,5,0
1366,1111,2026-06-07,語学,15,1
1367,1114,2026-06-07,資格,16,1
1368,1115,2026-06-07,理工,15,1
1369,1117,2026-06-07,文学,8,0
1370,1126,2026-06-07,文学,11,0
1371,1132,2026-06-07,趣味,8,0
1372,1150,2026-06-07,趣味,14,0
1373,1151,2026-06-07,語学,5,0
1374,1153,2026-06-07,社会,6,0
1375,1024,2026-06-08,趣味,9,0
1376,1028,2026-06-08,語学,7,0
1377,1037,2026-06-08,趣味,13,0
1378,1058,2026-06-08,趣味,14,0
1379,1063,2026-06-08,文学,15,1
1380,1070,2026-06-08,趣味,10,0
1381,1070,2026-06-08,理工,9,0
1382,1076,2026-06-08,文学,14,0
1383,1078,2026-06-08,語学,6,0
1384,1084,2026-06-08,語学,10,0
1385,1087,2026-06-08,文学,12,0
1386,1087,2026-06-08,文学,12,0
1387,1088,2026-06-08,趣味,13,0
1388,1105,2026-06-08,語学,5,0
1389,1107,2026-06-08,資格,21,1
1390,1114,2026-06-08,語学,9,0
1391,1117,2026-06-08,文学,17,1
1392,1132,2026-06-08,趣味,11,0
1393,1164,2026-06-08,資格,9,0
1394,1009,2026-06-09,趣味,10,0
1395,1016,2026-06-09,文学,5,0
1396,1024,2026-06-09,語学,9,0
1397,1029,2026-06-09,資格,16,1
1398,1051,2026-06-09,理工,11,0
1399,1053,2026-06-09,文学,12,0
1400,1056,2026-06-09,資格,15,1
1401,1057,2026-06-09,理工,15,1
1402,1061,2026-06-09,文学,11,0
1403,1063,2026-06-09,趣味,10,0
1404,1070,2026-06-09,趣味,10,0
1405,1070,2026-06-09,文学,8,0
1406,1076,2026-06-09,理工,10,0
1407,1098,2026-06-09,資格,11,0
1408,1116,2026-06-09,資格,8,0
1409,1140,2026-06-09,文学,13,0
1410,1141,2026-06-09,趣味,10,0
1411,1142,2026-06-09,語学,13,0
1412,1149,2026-06-09,文学,15,1
1413,1152,2026-06-09,趣味,8,0
1414,1177,2026-06-09,文学,7,0
1415,1001,2026-06-10,資格,19,1
1416,1011,2026-06-10,趣味,12,0
1417,1024,2026-06-10,文学,8,0
1418,1028,2026-06-10,趣味,12,0
1419,1041,2026-06-10,語学,8,0
1420,1041,2026-06-10,文学,9,0
1421,1041,2026-06-10,趣味,3,0
1422,1042,2026-06-10,資格,12,0
1423,1048,2026-06-10,文学,7,0
1424,1054,2026-06-10,資格,7,0
1425,1059,2026-06-10,趣味,11,0
1426,1060,2026-06-10,理工,3,0
1427,1061,2026-06-10,文学,10,0
1428,1063,2026-06-10,文学,10,0
1429,1076,2026-06-10,趣味,12,0
1430,1081,2026-06-10,資格,12,0
1431,1110,2026-06-10,理工,12,0
1432,1120,2026-06-10,理工,7,0
1433,1129,2026-06-10,社会,10,0
1434,1141,2026-06-10,趣味,15,1
1435,1152,2026-06-10,趣味,13,0
1436,1157,2026-06-10,文学,12,0
1437,1160,2026-06-10,社会,15,1
1438,1166,2026-06-10,趣味,5,0
1439,1172,2026-06-10,趣味,14,0
1440,1007,2026-06-11,社会,21,1
1441,1011,2026-06-11,趣味,13,0
1442,1012,2026-06-11,社会,5,0
1443,1024,2026-06-11,趣味,6,0
1444,1024,2026-06-11,語学,5,0
1445,1027,2026-06-11,理工,6,0
1446,1027,2026-06-11,社会,10,0
1447,1028,2026-06-11,趣味,5,0
1448,1029,2026-06-11,資格,20,1
1449,1032,2026-06-11,資格,16,1
1450,1043,2026-06-11,資格,18,1
1451,1049,2026-06-11,理工,11,0
1452,1053,2026-06-11,社会,10,0
1453,1059,2026-06-11,趣味,11,0
1454,1068,2026-06-11,趣味,4,0
1455,1078,2026-06-11,趣味,10,0
1456,1080,2026-06-11,趣味,13,0
1457,1082,2026-06-11,文学,8,0
1458,1085,2026-06-11,理工,8,0
1459,1089,2026-06-11,趣味,9,0
1460,1096,2026-06-11,社会,3,0
1461,1097,2026-06-11,趣味,9,0
1462,1101,2026-06-11,趣味,6,0
1463,1110,2026-06-11,文学,7,0
1464,1116,2026-06-11,理工,10,0
1465,1122,2026-06-11,理工,9,0
1466,1129,2026-06-11,文学,8,0
1467,1156,2026-06-11,理工,3,0
1468,1159,2026-06-11,社会,22,1
1469,1165,2026-06-11,理工,13,0
1470,1175,2026-06-11,社会,10,0
1471,1177,2026-06-11,趣味,10,0
1472,1177,2026-06-11,趣味,6,0
1473,1003,2026-06-12,資格,16,1
1474,1025,2026-06-12,資格,17,1
1475,1029,2026-06-12,資格,13,0
1476,1035,2026-06-12,語学,11,0
1477,1036,2026-06-12,趣味,11,0
1478,1057,2026-06-12,語学,14,0
1479,1066,2026-06-12,理工,5,0
1480,1066,2026-06-12,理工,8,0
1481,1070,2026-06-12,趣味,7,0
1482,1094,2026-06-12,理工,16,1
1483,1114,2026-06-12,資格,16,1
1484,1116,2026-06-12,資格,14,0
1485,1130,2026-06-12,理工,7,0
1486,1139,2026-06-12,文学,8,0
1487,1157,2026-06-12,語学,18,1
1488,1161,2026-06-12,語学,9,0
1489,1162,2026-06-12,語学,8,0
1490,1177,2026-06-12,文学,15,1
1491,1179,2026-06-12,理工,17,1
1492,1009,2026-06-13,趣味,12,0
1493,1015,2026-06-13,文学,10,0
1494,1016,2026-06-13,資格,8,0
1495,1021,2026-06-13,資格,5,0
1496,1021,2026-06-13,理工,16,1
1497,1021,2026-06-13,資格,13,0
1498,1025,2026-06-13,資格,10,0
1499,1028,2026-06-13,趣味,9,0
1500,1035,2026-06-13,理工,5,0
1501,1036,2026-06-13,文学,8,0
1502,1037,2026-06-13,文学,12,0
1503,1041,2026-06-13,社会,14,0
1504,1042,2026-06-13,理工,14,0
1505,1053,2026-06-13,趣味,12,0
1506,1062,2026-06-13,趣味,18,1
1507,1078,2026-06-13,文学,12,0
1508,1100,2026-06-13,資格,2,0
1509,1110,2026-06-13,理工,8,0
1510,1111,2026-06-13,趣味,13,0
1511,1117,2026-06-13,趣味,7,0
1512,1129,2026-06-13,趣味,11,0
1513,1132,2026-06-13,社会,7,0
1514,1137,2026-06-13,資格,20,1
1515,1142,2026-06-13,文学,8,0
1516,1152,2026-06-13,社会,18,1
1517,1154,2026-06-13,趣味,10,0
1518,1154,2026-06-13,社会,5,0
1519,1175,2026-06-13,資格,14,0
1520,1177,2026-06-13,趣味,14,0
1521,1003,2026-06-14,資格,12,0
1522,1011,2026-06-14,語学,13,0
1523,1013,2026-06-14,資格,5,0
1524,1016,2026-06-14,趣味,11,0
1525,1021,2026-06-14,資格,7,0
1526,1023,2026-06-14,趣味,5,0
1527,1027,2026-06-14,語学,2,0
1528,1028,2026-06-14,文学,11,0
1529,1041,2026-06-14,資格,13,0
1530,1058,2026-06-14,資格,11,0
1531,1068,2026-06-14,文学,7,0
1532,1070,2026-06-14,文学,13,0
1533,1070,2026-06-14,語学,8,0
1534,1082,2026-06-14,語学,11,0
1535,1098,2026-06-14,資格,14,0
1536,1112,2026-06-14,資格,15,1
1537,1140,2026-06-14,資格,11,0
1538,1142,2026-06-14,文学,11,0
1539,1169,2026-06-14,社会,10,0
1540,1015,2026-06-15,語学,8,0
1541,1016,2026-06-15,文学,15,1
1542,1028,2026-06-15,社会,9,0
1543,1033,2026-06-15,趣味,13,0
1544,1063,2026-06-15,趣味,7,0
1545,1085,2026-06-15,理工,7,0
1546,1087,2026-06-15,文学,2,0
1547,1097,2026-06-15,趣味,7,0
1548,1111,2026-06-15,文学,4,0
1549,1125,2026-06-15,趣味,11,0
1550,1126,2026-06-15,資格,14,0
1551,1127,2026-06-15,語学,12,0
1552,1129,2026-06-15,語学,11,0
1553,1138,2026-06-15,趣味,9,0
1554,1140,2026-06-15,資格,7,0
1555,1141,2026-06-15,語学,8,0
1556,1143,2026-06-15,資格,8,0
1557,1161,2026-06-15,理工,9,0
1558,1008,2026-06-16,理工,5,0
1559,1014,2026-06-16,理工,8,0
1560,1017,2026-06-16,社会,8,0
1561,1030,2026-06-16,資格,6,0
1562,1058,2026-06-16,趣味,19,1
1563,1070,2026-06-16,文学,1,0
1564,1078,2026-06-16,趣味,14,0
1565,1078,2026-06-16,文学,9,0
1566,1088,2026-06-16,社会,6,0
1567,1096,2026-06-16,理工,5,0
1568,1100,2026-06-16,社会,7,0
1569,1120,2026-06-16,社会,16,1
1570,1123,2026-06-16,資格,5,0
1571,1131,2026-06-16,文学,15,1
1572,1132,2026-06-16,趣味,10,0
1573,1133,2026-06-16,文学,11,0
1574,1139,2026-06-16,理工,5,0
1575,1149,2026-06-16,語学,16,1
1576,1152,2026-06-16,文学,8,0
1577,1160,2026-06-16,社会,16,1
1578,1161,2026-06-16,社会,8,0
1579,1164,2026-06-16,語学,14,0
1580,1165,2026-06-16,文学,19,1
1581,1177,2026-06-16,文学,8,0
1582,1002,2026-06-17,語学,13,0
1583,1003,2026-06-17,資格,8,0
1584,1003,2026-06-17,資格,9,0
1585,1016,2026-06-17,文学,8,0
1586,1018,2026-06-17,理工,8,0
1587,1025,2026-06-17,趣味,12,0
1588,1039,2026-06-17,社会,11,0
1589,1041,2026-06-17,趣味,10,0
1590,1048,2026-06-17,趣味,9,0
1591,1059,2026-06-17,趣味,4,0
1592,1063,2026-06-17,趣味,17,1
1593,1067,2026-06-17,語学,13,0
1594,1069,2026-06-17,文学,14,0
1595,1070,2026-06-17,文学,10,0
1596,1073,2026-06-17,資格,6,0
1597,1074,2026-06-17,資格,8,0
1598,1074,2026-06-17,文学,17,1
1599,1078,2026-06-17,趣味,17,1
1600,1081,2026-06-17,資格,14,0
1601,1084,2026-06-17,趣味,13,0
1602,1089,2026-06-17,理工,14,0
1603,1097,2026-06-17,趣味,13,0
1604,1110,2026-06-17,理工,9,0
1605,1112,2026-06-17,資格,11,0
1606,1115,2026-06-17,理工,17,1
1607,1122,2026-06-17,社会,7,0
1608,1125,2026-06-17,文学,9,0
1609,1131,2026-06-17,文学,16,1
1610,1140,2026-06-17,資格,13,0
1611,1148,2026-06-17,社会,18,1
1612,1172,2026-06-17,趣味,12,0
1613,1175,2026-06-17,資格,12,0
1614,1177,2026-06-17,語学,8,0
1615,1011,2026-06-18,趣味,14,0
1616,1016,2026-06-18,社会,14,0
1617,1016,2026-06-18,社会,6,0
1618,1024,2026-06-18,趣味,12,0
1619,1025,2026-06-18,資格,14,0
1620,1033,2026-06-18,資格,21,1
1621,1033,2026-06-18,資格,12,0
1622,1039,2026-06-18,語学,12,0
1623,1042,2026-06-18,資格,18,1
1624,1043,2026-06-18,資格,21,1
1625,1048,2026-06-18,趣味,5,0
1626,1048,2026-06-18,社会,13,0
1627,1050,2026-06-18,資格,9,0
1628,1059,2026-06-18,文学,14,0
1629,1059,2026-06-18,文学,10,0
1630,1081,2026-06-18,資格,8,0
1631,1082,2026-06-18,趣味,8,0
1632,1086,2026-06-18,資格,6,0
1633,1087,2026-06-18,趣味,16,1
1634,1114,2026-06-18,文学,12,0
1635,1119,2026-06-18,趣味,10,0
1636,1143,2026-06-18,趣味,24,1
1637,1145,2026-06-18,理工,3,0
1638,1145,2026-06-18,語学,9,0
1639,1165,2026-06-18,趣味,18,1
1640,1003,2026-06-19,趣味,13,0
1641,1015,2026-06-19,文学,11,0
1642,1016,2026-06-19,趣味,15,1
1643,1033,2026-06-19,資格,14,0
1644,1037,2026-06-19,社会,11,0
1645,1037,2026-06-19,文学,16,1
1646,1055,2026-06-19,語学,14,0
1647,1064,2026-06-19,理工,9,0
1648,1065,2026-06-19,資格,14,0
1649,1069,2026-06-19,社会,20,1
1650,1078,2026-06-19,文学,5,0
1651,1081,2026-06-19,資格,10,0
1652,1089,2026-06-19,趣味,11,0
1653,1097,2026-06-19,趣味,9,0
1654,1098,2026-06-19,資格,12,0
1655,1119,2026-06-19,趣味,10,0
1656,1122,2026-06-19,社会,5,0
1657,1126,2026-06-19,資格,10,0
1658,1129,2026-06-19,文学,14,0
1659,1131,2026-06-19,資格,10,0
1660,1141,2026-06-19,文学,17,1
1661,1149,2026-06-19,文学,11,0
1662,1152,2026-06-19,理工,8,0
1663,1154,2026-06-19,語学,11,0
1664,1156,2026-06-19,社会,7,0
1665,1163,2026-06-19,資格,15,1
1666,1168,2026-06-19,理工,6,0
1667,1170,2026-06-19,理工,5,0
1668,1001,2026-06-20,資格,15,1
1669,1012,2026-06-20,社会,6,0
1670,1016,2026-06-20,社会,16,1
1671,1032,2026-06-20,資格,11,0
1672,1034,2026-06-20,社会,20,1
1673,1036,2026-06-20,理工,10,0
1674,1053,2026-06-20,文学,12,0
1675,1060,2026-06-20,理工,2,0
1676,1070,2026-06-20,資格,8,0
1677,1082,2026-06-20,趣味,5,0
1678,1085,2026-06-20,資格,12,0
1679,1093,2026-06-20,資格,11,0
1680,1097,2026-06-20,語学,9,0
1681,1100,2026-06-20,理工,5,0
1682,1102,2026-06-20,理工,5,0
1683,1103,2026-06-20,趣味,28,1
1684,1106,2026-06-20,理工,9,0
1685,1119,2026-06-20,文学,3,0
1686,1126,2026-06-20,語学,11,0
1687,1141,2026-06-20,趣味,15,1
1688,1150,2026-06-20,資格,13,0
1689,1166,2026-06-20,趣味,5,0
1690,1166,2026-06-20,趣味,12,0
1691,1171,2026-06-20,理工,22,1
1692,1177,2026-06-20,理工,8,0
1693,1003,2026-06-21,資格,14,0
1694,1016,2026-06-21,文学,10,0
1695,1028,2026-06-21,趣味,13,0
1696,1036,2026-06-21,文学,6,0
1697,1036,2026-06-21,趣味,8,0
1698,1046,2026-06-21,資格,19,1
1699,1057,2026-06-21,文学,13,0
1700,1057,2026-06-21,社会,11,0
1701,1058,2026-06-21,趣味,8,0
1702,1059,2026-06-21,趣味,12,0
1703,1059,2026-06-21,趣味,6,0
1704,1061,2026-06-21,趣味,6,0
1705,1066,2026-06-21,理工,4,0
1706,1070,2026-06-21,文学,2,0
1707,1070,2026-06-21,語学,9,0
1708,1082,2026-06-21,趣味,12,0
1709,1082,2026-06-21,社会,9,0
1710,1084,2026-06-21,文学,10,0
1711,1088,2026-06-21,趣味,15,1
1712,1089,2026-06-21,文学,11,0
1713,1112,2026-06-21,資格,17,1
1714,1120,2026-06-21,資格,5,0
1715,1121,2026-06-21,文学,23,1
1716,1135,2026-06-21,語学,10,0
1717,1140,2026-06-21,理工,11,0
1718,1152,2026-06-21,語学,6,0
1719,1152,2026-06-21,理工,1,0
1720,1153,2026-06-21,社会,2,0
1721,1154,2026-06-21,文学,8,0
1722,1173,2026-06-21,語学,1,0
1723,1177,2026-06-21,語学,9,0
1724,1003,2026-06-22,資格,10,0
1725,1006,2026-06-22,文学,13,0
1726,1009,2026-06-22,資格,5,0
1727,1015,2026-06-22,趣味,11,0
1728,1034,2026-06-22,社会,16,1
1729,1036,2026-06-22,理工,6,0
1730,1041,2026-06-22,趣味,14,0
1731,1041,2026-06-22,趣味,11,0
1732,1044,2026-06-22,社会,1,0
1733,1051,2026-06-22,社会,7,0
1734,1064,2026-06-22,理工,6,0
1735,1070,2026-06-22,趣味,11,0
1736,1075,2026-06-22,趣味,9,0
1737,1093,2026-06-22,資格,14,0
1738,1094,2026-06-22,文学,15,1
1739,1105,2026-06-22,語学,8,0
1740,1126,2026-06-22,資格,18,1
1741,1172,2026-06-22,社会,13,0
1742,1001,2026-06-23,社会,15,1
1743,1015,2026-06-23,文学,14,0
1744,1030,2026-06-23,資格,16,1
1745,1032,2026-06-23,理工,12,0
1746,1037,2026-06-23,文学,17,1
1747,1037,2026-06-23,社会,16,1
1748,1039,2026-06-23,理工,7,0
1749,1041,2026-06-23,趣味,7,0
1750,1054,2026-06-23,理工,5,0
1751,1058,2026-06-23,趣味,14,0
1752,1059,2026-06-23,文学,15,1
1753,1060,2026-06-23,語学,5,0
1754,1068,2026-06-23,趣味,12,0
1755,1074,2026-06-23,理工,17,1
1756,1082,2026-06-23,社会,5,0
1757,1085,2026-06-23,社会,13,0
1758,1089,2026-06-23,趣味,8,0
1759,1095,2026-06-23,資格,8,0
1760,1098,2026-06-23,社会,9,0
1761,1127,2026-06-23,社会,10,0
1762,1129,2026-06-23,趣味,15,1
1763,1133,2026-06-23,資格,12,0
1764,1138,2026-06-23,趣味,17,1
1765,1140,2026-06-23,資格,15,1
1766,1154,2026-06-23,趣味,10,0
1767,1158,2026-06-23,理工,11,0
1768,1159,2026-06-23,趣味,17,1
1769,1166,2026-06-23,社会,14,0
1770,1169,2026-06-23,語学,14,0
1771,1169,2026-06-23,理工,8,0
1772,1177,2026-06-23,文学,13,0
1773,1001,2026-06-24,資格,12,0
1774,1030,2026-06-24,理工,19,1
1775,1031,2026-06-24,資格,6,0
1776,1038,2026-06-24,理工,7,0
1777,1046,2026-06-24,資格,6,0
1778,1057,2026-06-24,文学,15,1
1779,1061,2026-06-24,文学,6,0
1780,1063,2026-06-24,趣味,11,0
1781,1076,2026-06-24,趣味,10,0
1782,1081,2026-06-24,社会,8,0
1783,1082,2026-06-24,社会,4,0
1784,1088,2026-06-24,文学,6,0
1785,1089,2026-06-24,社会,12,0
1786,1091,2026-06-24,趣味,18,1
1787,1095,2026-06-24,語学,13,0
1788,1110,2026-06-24,語学,9,0
1789,1119,2026-06-24,文学,10,0
1790,1132,2026-06-24,趣味,9,0
1791,1136,2026-06-24,資格,14,0
1792,1140,2026-06-24,資格,14,0
1793,1141,2026-06-24,文学,15,1
1794,1149,2026-06-24,語学,14,0
1795,1174,2026-06-24,理工,8,0
1796,1177,2026-06-24,趣味,11,0
1797,1179,2026-06-24,理工,20,1
1798,1003,2026-06-25,資格,14,0
1799,1009,2026-06-25,趣味,3,0
1800,1009,2026-06-25,趣味,6,0
1801,1012,2026-06-25,語学,6,0
1802,1016,2026-06-25,文学,13,0
1803,1025,2026-06-25,資格,7,0
1804,1033,2026-06-25,資格,10,0
1805,1036,2026-06-25,文学,8,0
1806,1041,2026-06-25,語学,14,0
1807,1048,2026-06-25,趣味,12,0
1808,1063,2026-06-25,社会,10,0
1809,1074,2026-06-25,資格,9,0
1810,1075,2026-06-25,資格,10,0
1811,1076,2026-06-25,文学,15,1
1812,1078,2026-06-25,文学,9,0
1813,1078,2026-06-25,語学,9,0
1814,1082,2026-06-25,文学,4,0
1815,1083,2026-06-25,資格,5,0
1816,1093,2026-06-25,資格,7,0
1817,1094,2026-06-25,理工,9,0
1818,1098,2026-06-25,資格,8,0
1819,1110,2026-06-25,理工,8,0
1820,1121,2026-06-25,社会,18,1
1821,1126,2026-06-25,社会,13,0
1822,1127,2026-06-25,文学,13,0
1823,1141,2026-06-25,趣味,16,1
1824,1150,2026-06-25,資格,12,0
1825,1164,2026-06-25,社会,9,0
1826,1166,2026-06-25,文学,13,0
1827,1011,2026-06-26,文学,15,1
1828,1022,2026-06-26,理工,9,0
1829,1037,2026-06-26,趣味,11,0
1830,1039,2026-06-26,文学,4,0
1831,1056,2026-06-26,資格,14,0
1832,1068,2026-06-26,趣味,7,0
1833,1074,2026-06-26,語学,18,1
1834,1076,2026-06-26,文学,12,0
1835,1082,2026-06-26,理工,11,0
1836,1083,2026-06-26,資格,10,0
1837,1086,2026-06-26,資格,13,0
1838,1088,2026-06-26,文学,7,0
1839,1096,2026-06-26,文学,6,0
1840,1096,2026-06-26,資格,3,0
1841,1097,2026-06-26,趣味,12,0
1842,1099,2026-06-26,文学,13,0
1843,1117,2026-06-26,社会,12,0
1844,1121,2026-06-26,文学,19,1
1845,1126,2026-06-26,資格,9,0
1846,1136,2026-06-26,社会,19,1
1847,1142,2026-06-26,趣味,4,0
1848,1146,2026-06-26,趣味,19,1
1849,1150,2026-06-26,趣味,9,0
1850,1151,2026-06-26,資格,4,0
1851,1001,2026-06-27,資格,10,0
1852,1011,2026-06-27,文学,15,1
1853,1015,2026-06-27,趣味,8,0
1854,1015,2026-06-27,趣味,10,0
1855,1021,2026-06-27,資格,10,0
1856,1023,2026-06-27,資格,17,1
1857,1024,2026-06-27,趣味,4,0
1858,1024,2026-06-27,趣味,6,0
1859,1027,2026-06-27,資格,4,0
1860,1029,2026-06-27,資格,8,0
1861,1030,2026-06-27,資格,6,0
1862,1031,2026-06-27,資格,11,0
1863,1041,2026-06-27,文学,12,0
1864,1053,2026-06-27,文学,11,0
1865,1055,2026-06-27,趣味,22,1
1866,1068,2026-06-27,文学,10,0
1867,1070,2026-06-27,資格,13,0
1868,1074,2026-06-27,資格,18,1
1869,1074,2026-06-27,資格,15,1
1870,1088,2026-06-27,趣味,3,0
1871,1099,2026-06-27,趣味,10,0
1872,1117,2026-06-27,趣味,7,0
1873,1119,2026-06-27,文学,13,0
1874,1119,2026-06-27,理工,12,0
1875,1129,2026-06-27,文学,6,0
1876,1132,2026-06-27,文学,5,0
1877,1134,2026-06-27,資格,18,1
1878,1135,2026-06-27,社会,1,0
1879,1136,2026-06-27,資格,6,0
1880,1141,2026-06-27,文学,10,0
1881,1150,2026-06-27,文学,10,0
1882,1157,2026-06-27,趣味,19,1
1883,1164,2026-06-27,社会,14,0
1884,1009,2026-06-28,語学,14,0
1885,1020,2026-06-28,理工,7,0
1886,1021,2026-06-28,資格,17,1
1887,1026,2026-06-28,語学,12,0
1888,1030,2026-06-28,資格,16,1
1889,1037,2026-06-28,社会,10,0
1890,1039,2026-06-28,趣味,12,0
1891,1047,2026-06-28,社会,4,0
1892,1068,2026-06-28,社会,9,0
1893,1071,2026-06-28,理工,3,0
1894,1084,2026-06-28,趣味,11,0
1895,1085,2026-06-28,理工,12,0
1896,1093,2026-06-28,文学,13,0
1897,1097,2026-06-28,趣味,12,0
1898,1111,2026-06-28,社会,12,0
1899,1112,2026-06-28,資格,15,1
1900,1134,2026-06-28,資格,13,0
1901,1146,2026-06-28,文学,18,1
1902,1147,2026-06-28,文学,18,1
1903,1149,2026-06-28,趣味,2,0
1904,1149,2026-06-28,趣味,7,0
1905,1170,2026-06-28,社会,9,0
1906,1003,2026-06-29,理工,19,1
1907,1021,2026-06-29,語学,14,0
1908,1024,2026-06-29,文学,16,1
1909,1029,2026-06-29,資格,7,0
1910,1030,2026-06-29,資格,9,0
1911,1043,2026-06-29,理工,13,0
1912,1046,2026-06-29,資格,9,0
1913,1078,2026-06-29,趣味,11,0
1914,1082,2026-06-29,文学,2,0
1915,1086,2026-06-29,資格,15,1
1916,1089,2026-06-29,文学,11,0
1917,1101,2026-06-29,文学,10,0
1918,1123,2026-06-29,理工,5,0
1919,1125,2026-06-29,文学,13,0
1920,1147,2026-06-29,理工,20,1
1921,1148,2026-06-29,資格,21,1
1922,1153,2026-06-29,文学,5,0
1923,1003,2026-06-30,文学,13,0
1924,1003,2026-06-30,資格,11,0
1925,1003,2026-06-30,資格,12,0
1926,1006,2026-06-30,理工,14,0
1927,1012,2026-06-30,理工,8,0
1928,1013,2026-06-30,理工,6,0
1929,1029,2026-06-30,理工,6,0
1930,1030,2026-06-30,資格,9,0
1931,1032,2026-06-30,資格,17,1
1932,1032,2026-06-30,資格,13,0
1933,1035,2026-06-30,社会,6,0
1934,1035,2026-06-30,理工,8,0
1935,1036,2026-06-30,語学,16,1
1936,1039,2026-06-30,社会,10,0
1937,1041,2026-06-30,趣味,7,0
1938,1049,2026-06-30,趣味,15,1
1939,1061,2026-06-30,趣味,2,0
1940,1062,2026-06-30,語学,16,1
1941,1067,2026-06-30,社会,13,0
1942,1068,2026-06-30,文学,5,0
1943,1069,2026-06-30,社会,12,0
1944,1069,2026-06-30,趣味,15,1
1945,1099,2026-06-30,文学,9,0
1946,1099,2026-06-30,語学,9,0
1947,1119,2026-06-30,趣味,3,0
1948,1123,2026-06-30,語学,3,0
1949,1134,2026-06-30,資格,8,0
1950,1147,2026-06-30,文学,9,0
1951,1149,2026-06-30,趣味,10,0
1952,1156,2026-06-30,理工,2,0
1953,1162,2026-06-30,社会,10,0
1954,1007,2026-07-01,社会,20,1
1955,1013,2026-07-01,社会,4,0
1956,1015,2026-07-01,趣味,10,0
1957,1015,2026-07-01,語学,9,0
1958,1028,2026-07-01,社会,10,0
1959,1032,2026-07-01,資格,17,1
1960,1037,2026-07-01,語学,18,1
1961,1037,2026-07-01,趣味,10,0
1962,1043,2026-07-01,資格,16,1
1963,1047,2026-07-01,社会,7,0
1964,1055,2026-07-01,社会,12,0
1965,1058,2026-07-01,趣味,11,0
1966,1060,2026-07-01,語学,10,0
1967,1061,2026-07-01,趣味,11,0
1968,1071,2026-07-01,社会,5,0
1969,1082,2026-07-01,趣味,11,0
1970,1086,2026-07-01,資格,9,0
1971,1086,2026-07-01,資格,9,0
1972,1092,2026-07-01,社会,16,1
1973,1122,2026-07-01,理工,6,0
1974,1125,2026-07-01,趣味,9,0
1975,1134,2026-07-01,資格,7,0
1976,1137,2026-07-01,語学,18,1
1977,1141,2026-07-01,趣味,7,0
1978,1141,2026-07-01,趣味,16,1
1979,1150,2026-07-01,文学,10,0
1980,1158,2026-07-01,資格,4,0
1981,1162,2026-07-01,理工,10,0
1982,1165,2026-07-01,趣味,14,0
1983,1165,2026-07-01,語学,10,0
1984,1166,2026-07-01,趣味,15,1
1985,1170,2026-07-01,社会,7,0
1986,1177,2026-07-01,文学,7,0
1987,1180,2026-07-01,趣味,22,1
1988,1001,2026-07-02,資格,11,0
1989,1003,2026-07-02,資格,11,0
1990,1014,2026-07-02,社会,4,0
1991,1016,2026-07-02,文学,7,0
1992,1017,2026-07-02,社会,11,0
1993,1019,2026-07-02,資格,10,0
1994,1019,2026-07-02,資格,12,0
1995,1027,2026-07-02,語学,5,0
1996,1028,2026-07-02,文学,9,0
1997,1028,2026-07-02,趣味,11,0
1998,1028,2026-07-02,文学,6,0
1999,1028,2026-07-02,文学,11,0
2000,1028,2026-07-02,社会,13,0
2001,1033,2026-07-02,資格,12,0
2002,1036,2026-07-02,趣味,14,0
2003,1049,2026-07-02,趣味,22,1
2004,1058,2026-07-02,資格,5,0
2005,1061,2026-07-02,文学,10,0
2006,1068,2026-07-02,趣味,6,0
2007,1069,2026-07-02,社会,12,0
2008,1087,2026-07-02,趣味,13,0
2009,1094,2026-07-02,資格,13,0
2010,1095,2026-07-02,資格,20,1
2011,1099,2026-07-02,社会,8,0
2012,1101,2026-07-02,社会,13,0
2013,1112,2026-07-02,理工,14,0
2014,1119,2026-07-02,趣味,8,0
2015,1159,2026-07-02,文学,21,1
2016,1166,2026-07-02,趣味,7,0
2017,1175,2026-07-02,資格,12,0
2018,1175,2026-07-02,資格,18,1
2019,1007,2026-07-03,趣味,20,1
2020,1037,2026-07-03,語学,13,0
2021,1038,2026-07-03,理工,6,0
2022,1039,2026-07-03,趣味,13,0
2023,1053,2026-07-03,趣味,10,0
2024,1057,2026-07-03,語学,13,0
2025,1082,2026-07-03,文学,7,0
2026,1083,2026-07-03,資格,9,0
2027,1087,2026-07-03,趣味,9,0
2028,1089,2026-07-03,文学,12,0
2029,1092,2026-07-03,理工,11,0
2030,1092,2026-07-03,資格,9,0
2031,1093,2026-07-03,語学,8,0
2032,1104,2026-07-03,社会,20,1
2033,1112,2026-07-03,資格,17,1
2034,1114,2026-07-03,資格,14,0
2035,1126,2026-07-03,資格,6,0
2036,1129,2026-07-03,文学,16,1
2037,1134,2026-07-03,資格,11,0
2038,1134,2026-07-03,資格,11,0
2039,1142,2026-07-03,語学,7,0
2040,1163,2026-07-03,資格,13,0
2041,1163,2026-07-03,社会,11,0
2042,1009,2026-07-04,文学,6,0
2043,1011,2026-07-04,趣味,8,0
2044,1015,2026-07-04,資格,12,0
2045,1016,2026-07-04,趣味,17,1
2046,1018,2026-07-04,理工,3,0
2047,1041,2026-07-04,文学,5,0
2048,1041,2026-07-04,社会,12,0
2049,1042,2026-07-04,資格,9,0
2050,1054,2026-07-04,理工,5,0
2051,1059,2026-07-04,資格,2,0
2052,1059,2026-07-04,文学,7,0
2053,1070,2026-07-04,文学,6,0
2054,1075,2026-07-04,理工,6,0
2055,1075,2026-07-04,趣味,10,0
2056,1078,2026-07-04,理工,12,0
2057,1079,2026-07-04,理工,7,0
2058,1081,2026-07-04,資格,13,0
2059,1083,2026-07-04,資格,13,0
2060,1083,2026-07-04,社会,9,0
2061,1106,2026-07-04,社会,8,0
2062,1107,2026-07-04,社会,18,1
2063,1116,2026-07-04,社会,13,0
2064,1117,2026-07-04,趣味,11,0
2065,1119,2026-07-04,文学,15,1
2066,1124,2026-07-04,資格,11,0
2067,1127,2026-07-04,語学,16,1
2068,1135,2026-07-04,理工,7,0
2069,1145,2026-07-04,理工,11,0
2070,1154,2026-07-04,趣味,9,0
2071,1163,2026-07-04,社会,21,1
2072,1001,2026-07-05,語学,8,0
2073,1023,2026-07-05,資格,10,0
2074,1031,2026-07-05,語学,10,0
2075,1043,2026-07-05,資格,15,1
2076,1053,2026-07-05,趣味,12,0
2077,1053,2026-07-05,文学,17,1
2078,1057,2026-07-05,趣味,19,1
2079,1057,2026-07-05,社会,11,0
2080,1057,2026-07-05,社会,8,0
2081,1061,2026-07-05,趣味,6,0
2082,1085,2026-07-05,理工,10,0
2083,1086,2026-07-05,理工,11,0
2084,1094,2026-07-05,理工,6,0
2085,1096,2026-07-05,理工,3,0
2086,1114,2026-07-05,資格,19,1
2087,1117,2026-07-05,趣味,6,0
2088,1135,2026-07-05,語学,8,0
2089,1154,2026-07-05,文学,8,0
2090,1154,2026-07-05,文学,10,0
2091,1159,2026-07-05,趣味,20,1
2092,1176,2026-07-05,語学,4,0
2093,1016,2026-07-06,文学,12,0
2094,1019,2026-07-06,資格,14,0
2095,1020,2026-07-06,社会,8,0
2096,1024,2026-07-06,理工,7,0
2097,1033,2026-07-06,資格,15,1
2098,1037,2026-07-06,趣味,10,0
2099,1048,2026-07-06,文学,9,0
2100,1049,2026-07-06,趣味,19,1
2101,1049,2026-07-06,趣味,7,0
2102,1058,2026-07-06,語学,8,0
2103,1066,2026-07-06,理工,3,0
2104,1072,2026-07-06,理工,3,0
2105,1076,2026-07-06,趣味,5,0
2106,1081,2026-07-06,資格,15,1
2107,1089,2026-07-06,文学,13,0
2108,1089,2026-07-06,理工,11,0
2109,1101,2026-07-06,資格,14,0
2110,1106,2026-07-06,資格,4,0
2111,1110,2026-07-06,理工,6,0
2112,1115,2026-07-06,資格,16,1
2113,1120,2026-07-06,資格,11,0
2114,1123,2026-07-06,理工,5,0
2115,1128,2026-07-06,社会,9,0
2116,1132,2026-07-06,趣味,8,0
2117,1134,2026-07-06,理工,9,0
2118,1150,2026-07-06,社会,9,0
2119,1155,2026-07-06,理工,4,0
2120,1172,2026-07-06,理工,25,1
2121,1176,2026-07-06,社会,7,0
2122,1177,2026-07-06,資格,9,0
2123,1003,2026-07-07,資格,10,0
2124,1009,2026-07-07,趣味,7,0
2125,1009,2026-07-07,趣味,11,0
2126,1016,2026-07-07,理工,12,0
2127,1037,2026-07-07,趣味,15,1
2128,1046,2026-07-07,資格,11,0
2129,1051,2026-07-07,社会,4,0
2130,1058,2026-07-07,文学,5,0
2131,1059,2026-07-07,趣味,4,0
2132,1061,2026-07-07,趣味,8,0
2133,1063,2026-07-07,趣味,13,0
2134,1065,2026-07-07,社会,14,0
2135,1075,2026-07-07,趣味,10,0
2136,1077,2026-07-07,社会,11,0
2137,1100,2026-07-07,理工,6,0
2138,1144,2026-07-07,語学,10,0
2139,1009,2026-07-08,社会,6,0
2140,1024,2026-07-08,趣味,14,0
2141,1039,2026-07-08,文学,9,0
2142,1053,2026-07-08,文学,8,0
2143,1063,2026-07-08,資格,15,1
2144,1070,2026-07-08,趣味,14,0
2145,1082,2026-07-08,趣味,10,0
2146,1109,2026-07-08,趣味,12,0
2147,1118,2026-07-08,社会,16,1
2148,1125,2026-07-08,語学,6,0
2149,1156,2026-07-08,社会,8,0
2150,1177,2026-07-08,趣味,5,0
2151,1011,2026-07-09,文学,7,0
2152,1024,2026-07-09,文学,8,0
2153,1024,2026-07-09,社会,9,0
2154,1025,2026-07-09,資格,9,0
2155,1027,2026-07-09,語学,4,0
2156,1028,2026-07-09,文学,14,0
2157,1041,2026-07-09,文学,17,1
2158,1041,2026-07-09,趣味,14,0
2159,1048,2026-07-09,理工,8,0
2160,1053,2026-07-09,社会,8,0
2161,1060,2026-07-09,資格,5,0
2162,1070,2026-07-09,趣味,10,0
2163,1075,2026-07-09,語学,12,0
2164,1076,2026-07-09,趣味,10,0
2165,1076,2026-07-09,趣味,8,0
2166,1082,2026-07-09,趣味,10,0
2167,1083,2026-07-09,資格,14,0
2168,1083,2026-07-09,資格,13,0
2169,1084,2026-07-09,語学,11,0
2170,1092,2026-07-09,資格,12,0
2171,1095,2026-07-09,趣味,10,0
2172,1097,2026-07-09,語学,9,0
2173,1112,2026-07-09,資格,17,1
2174,1129,2026-07-09,文学,8,0
2175,1130,2026-07-09,社会,6,0
2176,1152,2026-07-09,文学,15,1
2177,1158,2026-07-09,語学,6,0
2178,1164,2026-07-09,資格,15,1
2179,1164,2026-07-09,語学,18,1
2180,1166,2026-07-09,文学,11,0
2181,1169,2026-07-09,理工,7,0
2182,1001,2026-07-10,資格,10,0
2183,1021,2026-07-10,資格,7,0
2184,1026,2026-07-10,資格,10,0
2185,1050,2026-07-10,社会,9,0
2186,1058,2026-07-10,趣味,6,0
2187,1064,2026-07-10,語学,6,0
2188,1081,2026-07-10,資格,8,0
2189,1085,2026-07-10,資格,5,0
2190,1097,2026-07-10,趣味,14,0
2191,1116,2026-07-10,理工,9,0
2192,1117,2026-07-10,社会,13,0
2193,1118,2026-07-10,文学,22,1
2194,1120,2026-07-10,資格,14,0
2195,1123,2026-07-10,社会,9,0
2196,1132,2026-07-10,文学,6,0
2197,1134,2026-07-10,趣味,6,0
2198,1138,2026-07-10,文学,15,1
2199,1145,2026-07-10,資格,10,0
2200,1147,2026-07-10,資格,20,1
2201,1149,2026-07-10,社会,12,0
2202,1154,2026-07-10,趣味,10,0
2203,1013,2026-07-11,理工,3,0
2204,1015,2026-07-11,趣味,10,0
2205,1015,2026-07-11,趣味,10,0
2206,1016,2026-07-11,趣味,14,0
2207,1020,2026-07-11,語学,6,0
2208,1024,2026-07-11,趣味,6,0
2209,1024,2026-07-11,趣味,11,0
2210,1028,2026-07-11,文学,11,0
2211,1037,2026-07-11,趣味,7,0
2212,1039,2026-07-11,文学,11,0
2213,1055,2026-07-11,趣味,14,0
2214,1057,2026-07-11,趣味,13,0
2215,1063,2026-07-11,文学,12,0
2216,1076,2026-07-11,趣味,11,0
2217,1084,2026-07-11,資格,7,0
2218,1089,2026-07-11,語学,6,0
2219,1092,2026-07-11,資格,11,0
2220,1097,2026-07-11,趣味,8,0
2221,1097,2026-07-11,趣味,13,0
2222,1104,2026-07-11,趣味,18,1
2223,1137,2026-07-11,文学,21,1
2224,1154,2026-07-11,理工,12,0
2225,1163,2026-07-11,資格,20,1
2226,1173,2026-07-11,理工,7,0
2227,1173,2026-07-11,理工,7,0
2228,1174,2026-07-11,理工,9,0
2229,1177,2026-07-11,文学,9,0
2230,1180,2026-07-11,資格,16,1
2231,1009,2026-07-12,趣味,6,0
2232,1009,2026-07-12,趣味,9,0
2233,1009,2026-07-12,趣味,2,0
2234,1011,2026-07-12,理工,7,0
2235,1013,2026-07-12,社会,3,0
2236,1019,2026-07-12,資格,13,0
2237,1031,2026-07-12,語学,9,0
2238,1036,2026-07-12,社会,12,0
2239,1039,2026-07-12,趣味,10,0
2240,1039,2026-07-12,理工,11,0
2241,1044,2026-07-12,理工,3,0
2242,1048,2026-07-12,文学,7,0
2243,1053,2026-07-12,社会,10,0
2244,1063,2026-07-12,理工,7,0
2245,1065,2026-07-12,資格,12,0
2246,1070,2026-07-12,趣味,9,0
2247,1077,2026-07-12,社会,4,0
2248,1078,2026-07-12,社会,11,0
2249,1080,2026-07-12,文学,7,0
2250,1082,2026-07-12,趣味,10,0
2251,1083,2026-07-12,資格,7,0
2252,1087,2026-07-12,理工,7,0
2253,1093,2026-07-12,社会,12,0
2254,1101,2026-07-12,社会,12,0
2255,1103,2026-07-12,趣味,19,1
2256,1105,2026-07-12,理工,8,0
2257,1119,2026-07-12,趣味,13,0
2258,1125,2026-07-12,文学,3,0
2259,1129,2026-07-12,文学,2,0
2260,1132,2026-07-12,社会,6,0
2261,1141,2026-07-12,趣味,12,0
2262,1158,2026-07-12,理工,9,0
2263,1165,2026-07-12,語学,16,1
2264,1166,2026-07-12,語学,7,0
2265,1180,2026-07-12,趣味,19,1
2266,1026,2026-07-13,理工,16,1
2267,1049,2026-07-13,文学,16,1
2268,1053,2026-07-13,趣味,8,0
2269,1053,2026-07-13,趣味,11,0
2270,1068,2026-07-13,趣味,4,0
2271,1068,2026-07-13,趣味,11,0
2272,1076,2026-07-13,文学,5,0
2273,1083,2026-07-13,資格,11,0
2274,1086,2026-07-13,社会,14,0
2275,1097,2026-07-13,文学,8,0
2276,1104,2026-07-13,理工,11,0
2277,1114,2026-07-13,語学,11,0
2278,1122,2026-07-13,社会,10,0
2279,1130,2026-07-13,資格,4,0
2280,1140,2026-07-13,資格,15,1
2281,1141,2026-07-13,文学,15,1
2282,1142,2026-07-13,趣味,7,0
2283,1163,2026-07-13,趣味,20,1
2284,1167,2026-07-13,理工,5,0
2285,1012,2026-07-14,社会,6,0
2286,1014,2026-07-14,理工,10,0
2287,1022,2026-07-14,社会,9,0
2288,1025,2026-07-14,語学,13,0
2289,1036,2026-07-14,趣味,10,0
2290,1038,2026-07-14,語学,10,0
2291,1039,2026-07-14,語学,10,0
2292,1039,2026-07-14,文学,11,0
2293,1047,2026-07-14,理工,11,0
2294,1057,2026-07-14,文学,6,0
2295,1060,2026-07-14,資格,4,0
2296,1068,2026-07-14,理工,7,0
2297,1076,2026-07-14,資格,10,0
2298,1081,2026-07-14,理工,13,0
2299,1098,2026-07-14,資格,11,0
2300,1105,2026-07-14,理工,10,0
2301,1119,2026-07-14,文学,6,0
2302,1129,2026-07-14,社会,11,0
2303,1154,2026-07-14,趣味,9,0
2304,1164,2026-07-14,理工,10,0
2305,1018,2026-07-15,資格,7,0
2306,1022,2026-07-15,理工,11,0
2307,1024,2026-07-15,語学,10,0
2308,1025,2026-07-15,資格,12,0
2309,1030,2026-07-15,趣味,11,0
2310,1039,2026-07-15,趣味,12,0
2311,1053,2026-07-15,社会,11,0
2312,1058,2026-07-15,趣味,12,0
2313,1058,2026-07-15,語学,11,0
2314,1058,2026-07-15,趣味,12,0
2315,1088,2026-07-15,文学,5,0
2316,1089,2026-07-15,趣味,11,0
2317,1090,2026-07-15,趣味,14,0
2318,1092,2026-07-15,資格,4,0
2319,1099,2026-07-15,文学,11,0
2320,1102,2026-07-15,文学,6,0
2321,1135,2026-07-15,社会,9,0
2322,1135,2026-07-15,理工,6,0
2323,1163,2026-07-15,資格,15,1
2324,1177,2026-07-15,趣味,12,0
2325,1023,2026-07-16,資格,16,1
2326,1024,2026-07-16,趣味,10,0
2327,1024,2026-07-16,文学,12,0
2328,1025,2026-07-16,資格,9,0
2329,1036,2026-07-16,趣味,4,0
2330,1058,2026-07-16,趣味,5,0
2331,1061,2026-07-16,趣味,12,0
2332,1063,2026-07-16,趣味,8,0
2333,1066,2026-07-16,理工,2,0
2334,1067,2026-07-16,理工,20,1
2335,1079,2026-07-16,語学,6,0
2336,1082,2026-07-16,趣味,14,0
2337,1088,2026-07-16,文学,9,0
2338,1088,2026-07-16,社会,14,0
2339,1093,2026-07-16,資格,14,0
2340,1094,2026-07-16,文学,10,0
2341,1095,2026-07-16,資格,14,0
2342,1098,2026-07-16,資格,10,0
2343,1101,2026-07-16,趣味,10,0
2344,1101,2026-07-16,社会,14,0
2345,1112,2026-07-16,社会,20,1
2346,1132,2026-07-16,趣味,7,0
2347,1147,2026-07-16,理工,14,0
2348,1155,2026-07-16,理工,6,0
2349,1002,2026-07-17,社会,17,1
2350,1011,2026-07-17,文学,15,1
2351,1020,2026-07-17,理工,4,0
2352,1025,2026-07-17,資格,13,0
2353,1028,2026-07-17,文学,6,0
2354,1041,2026-07-17,社会,13,0
2355,1048,2026-07-17,趣味,5,0
2356,1048,2026-07-17,資格,9,0
2357,1058,2026-07-17,趣味,10,0
2358,1059,2026-07-17,資格,9,0
2359,1059,2026-07-17,趣味,12,0
2360,1073,2026-07-17,趣味,13,0
2361,1099,2026-07-17,文学,14,0
2362,1114,2026-07-17,資格,8,0
2363,1132,2026-07-17,文学,13,0
2364,1132,2026-07-17,社会,11,0
2365,1140,2026-07-17,文学,13,0
2366,1141,2026-07-17,社会,12,0
2367,1144,2026-07-17,社会,6,0
2368,1144,2026-07-17,社会,4,0
2369,1149,2026-07-17,文学,12,0
2370,1150,2026-07-17,語学,8,0
2371,1152,2026-07-17,語学,14,0
2372,1161,2026-07-17,社会,10,0
2373,1166,2026-07-17,趣味,15,1
