Date,Lighting,Others,Power,Air,Total,weekday,Holiday,period
2021-05-01 00:00:00,0.0,6.518000000000001,2.876935,0,9.394935,Sat,1,after_class
2021-05-01 01:00:00,0.0,6.49,2.835366,0,9.325366,Sat,1,after_class
2021-05-01 02:00:00,0.0,6.558000000000001,2.982589,0,9.540589,Sat,1,after_class
2021-05-01 03:00:00,0.0,6.444,2.93236,0,9.37636,Sat,1,after_class
2021-05-01 04:00:00,0.0,6.723999999999999,2.8648100000000003,0,9.588809999999999,Sat,1,after_class
2021-05-01 05:00:00,0.0,6.404,2.464706,0,8.868706,Sat,1,after_class
2021-05-01 06:00:00,0.6600000000000001,5.934,3.131547,0,9.725547,Sat,1,after_class
2021-05-01 07:00:00,1.132,5.038,8.286128,0,14.456128,Sat,1,after_class
2021-05-01 08:00:00,2.8970000000000002,6.446,13.307338999999999,0,22.650339,Sat,1,after_class
2021-05-01 09:00:00,5.276,7.109999999999999,10.369782,0,22.755782,Sat,1,1
2021-05-01 10:00:00,5.482999999999999,7.524,14.932003,1,28.939003,Sat,1,1
2021-05-01 11:00:00,5.561,7.132,13.46669,0,26.159689999999998,Sat,1,1
2021-05-01 12:00:00,5.695,7.198,11.344927,0,24.237927,Sat,1,2
2021-05-01 13:00:00,5.691,7.19,11.098976,0,23.979976,Sat,1,break
2021-05-01 14:00:00,5.4380000000000015,6.83,16.388655,0,28.656655,Sat,1,3
2021-05-01 15:00:00,5.58,8.690000000000001,5.781585,0,20.051585000000003,Sat,1,3
2021-05-01 16:00:00,5.512,7.966,4.181169000000001,0,17.659169,Sat,1,4
2021-05-01 17:00:00,2.9830000000000005,7.222,2.497617,0,12.702617000000002,Sat,1,4
2021-05-01 18:00:00,1.9929999999999999,7.37,3.069193,0,12.432193,Sat,1,5
2021-05-01 19:00:00,1.5790000000000002,6.988,3.2839660000000004,0,11.850966,Sat,1,5
2021-05-01 20:00:00,1.444,6.712,3.283967,0,11.439967,Sat,1,5
2021-05-01 21:00:00,0.935,6.734,3.069192,0,10.738192000000002,Sat,1,after_class
2021-05-01 22:00:00,0.0,6.2540000000000004,3.245862,0,9.499862,Sat,1,after_class
2021-05-01 23:00:00,0.0,6.55,3.230274,0,9.780274,Sat,1,after_class
2021-05-02 00:00:00,0.0,5.273,2.4491180000000004,0,7.722118,Sun,1,after_class
2021-05-02 01:00:00,0.0,6.606,3.174849,0,9.780849,Sun,1,after_class
2021-05-02 02:00:00,0.0,6.708,3.2094880000000003,0,9.917488,Sun,1,after_class
2021-05-02 03:00:00,0.004,6.486,3.228541,0,9.718540999999998,Sun,1,after_class
2021-05-02 04:00:00,0.0,6.684,3.259718,0,9.943718,Sun,1,after_class
2021-05-02 05:00:00,0.0,6.41,2.686411,0,9.096411,Sun,1,after_class
2021-05-02 06:00:00,0.16100000000000003,5.704,3.135011,0,9.000011,Sun,1,after_class
2021-05-02 07:00:00,0.5700000000000001,4.642,8.336356,0,13.548356000000002,Sun,1,after_class
2021-05-02 08:00:00,3.5669999999999997,6.788,14.071176,0,24.426175999999998,Sun,1,after_class
2021-05-02 09:00:00,6.0,7.83,16.425030999999997,0,30.255030999999995,Sun,1,1
2021-05-02 10:00:00,6.022,8.193999999999999,17.784689,0,32.000689,Sun,1,1
2021-05-02 11:00:00,5.979000000000001,8.14,19.159938,0,33.278938000000004,Sun,1,1
2021-05-02 12:00:00,6.003,8.83,11.216756,0,26.049756000000002,Sun,1,2
2021-05-02 13:00:00,6.002000000000001,8.776,6.204203,0,20.982203,Sun,1,break
2021-05-02 14:00:00,5.984999999999999,9.038,5.485404,0,20.508404,Sun,1,3
2021-05-02 15:00:00,6.127000000000001,9.222,5.481939000000001,0,20.830939,Sun,1,3
2021-05-02 16:00:00,5.977,7.847999999999999,6.171294,0,19.996294,Sun,1,4
2021-05-02 17:00:00,3.9019999999999992,7.498,2.8942550000000002,0,14.294255,Sun,1,4
2021-05-02 18:00:00,3.3999999999999995,7.73,3.0726560000000003,0,14.202656,Sun,1,5
2021-05-02 19:00:00,1.4929999999999997,7.014,3.31168,0,11.81868,Sun,1,5
2021-05-02 20:00:00,0.137,6.308,3.356714,0,9.801714,Sun,1,5
2021-05-02 21:00:00,0.0,6.07,3.178311,0,9.248311000000001,Sun,1,after_class
2021-05-02 22:00:00,0.0,6.204,3.074388,0,9.278388,Sun,1,after_class
2021-05-02 23:00:00,0.0,6.658,3.1748469999999998,0,9.832847000000001,Sun,1,after_class
2021-05-03 00:00:00,0.0,4.9639999999999995,2.349525,0,7.313524999999999,Mon,0,after_class
2021-05-03 01:00:00,0.0,6.666,3.135011,0,9.801011,Mon,0,after_class
2021-05-03 02:00:00,0.0,6.680000000000001,3.13501,0,9.815010000000001,Mon,0,after_class
2021-05-03 03:00:00,0.0,6.6659999999999995,3.216417,0,9.882417,Mon,0,after_class
2021-05-03 04:00:00,0.0,6.659999999999999,3.141938,0,9.801938,Mon,0,after_class
2021-05-03 05:00:00,0.0,6.2,2.537452,0,8.737452000000001,Mon,0,after_class
2021-05-03 06:00:00,1.796,6.686,3.0969059999999997,0,11.578906,Mon,0,after_class
2021-05-03 07:00:00,2.0450000000000004,5.188,8.694893,0,15.927893000000001,Mon,0,after_class
2021-05-03 08:00:00,2.6089999999999995,5.426,14.185490999999999,0,22.220491,Mon,0,after_class
2021-05-03 09:00:00,4.035,5.734,15.468938999999999,0,25.237938999999997,Mon,0,1
2021-05-03 10:00:00,4.156000000000001,5.65,19.494222,0,29.300222,Mon,0,1
2021-05-03 11:00:00,4.374999999999999,6.304,16.958503,0,27.637503,Mon,0,1
2021-05-03 12:00:00,4.529,6.228,14.533631,0,25.290630999999998,Mon,0,2
2021-05-03 13:00:00,4.35,7.175999999999999,4.501597,0,16.027597,Mon,0,break
2021-05-03 14:00:00,3.8609999999999998,6.464,8.211649,0,18.536648999999997,Mon,0,3
2021-05-03 15:00:00,4.074999999999999,5.644,11.208096000000001,0,20.927096,Mon,0,3
2021-05-03 16:00:00,4.196,6.2219999999999995,6.380872,0,16.798872,Mon,0,4
2021-05-03 17:00:00,4.116,7.584,2.65177,0,14.351769999999998,Mon,0,4
2021-05-03 18:00:00,3.7330000000000005,7.997999999999999,3.259718,0,14.990718,Mon,0,5
2021-05-03 19:00:00,2.9849999999999994,7.608,3.2510589999999997,0,13.844059,Mon,0,5
2021-05-03 20:00:00,1.6979999999999993,7.042,3.207756,0,11.947755999999998,Mon,0,5
2021-05-03 21:00:00,0.0,6.128,3.36364,0,9.49164,Mon,0,after_class
2021-05-03 22:00:00,0.0,6.282,3.296093,0,9.578092999999999,Mon,0,after_class
2021-05-03 23:00:00,0.0,6.66,3.174848,0,9.834848000000001,Mon,0,after_class
2021-05-04 00:00:00,0.0,4.909999999999999,2.425737,0,7.335736999999999,Tue,0,after_class
2021-05-04 01:00:00,0.0,6.712000000000001,3.216415,0,9.928415000000001,Tue,0,after_class
2021-05-04 02:00:00,0.0,6.680000000000001,3.159259,0,9.839259,Tue,0,after_class
2021-05-04 03:00:00,0.0,6.64,3.147135,0,9.787135,Tue,0,after_class
2021-05-04 04:00:00,0.0,6.702000000000001,2.975663,0,9.677663,Tue,0,after_class
2021-05-04 05:00:00,0.0,6.506,2.6188599999999997,0,9.12486,Tue,0,after_class
2021-05-04 06:00:00,0.3,5.718,3.1557959999999996,0,9.173796,Tue,0,after_class
2021-05-04 07:00:00,0.491,4.962,7.981287999999999,0,13.434287999999999,Tue,0,after_class
2021-05-04 08:00:00,1.256,5.032,13.168776000000001,0,19.456776,Tue,0,after_class
2021-05-04 09:00:00,2.311,5.331999999999999,17.533545,0,25.176544999999997,Tue,0,1
2021-05-04 10:00:00,2.497,5.864,20.131615,0,28.492615,Tue,0,1
2021-05-04 11:00:00,2.641,5.574,20.372371,0,28.587371,Tue,0,1
2021-05-04 12:00:00,2.8209999999999997,5.8580000000000005,20.311751,0,28.990751000000003,Tue,0,2
2021-05-04 13:00:00,2.899,5.27,17.677303,0,25.846303,Tue,0,break
2021-05-04 14:00:00,2.867,5.398,14.786511,0,23.051511,Tue,0,3
2021-05-04 15:00:00,2.916,5.08,10.782012,0,18.778012,Tue,0,3
2021-05-04 16:00:00,2.6480000000000006,5.734,5.620502,0,14.002502000000002,Tue,0,4
2021-05-04 17:00:00,1.9700000000000002,6.46,2.644839,0,11.074839,Tue,0,4
2021-05-04 18:00:00,1.068,6.572,2.9392899999999997,0,10.57929,Tue,0,5
2021-05-04 19:00:00,0.3520000000000001,6.33,3.183508,0,9.865508,Tue,0,5
2021-05-04 20:00:00,0.12000000000000001,6.225999999999999,3.1315470000000003,0,9.477547,Tue,0,5
2021-05-04 21:00:00,0.0,6.0280000000000005,3.1021020000000004,0,9.130102,Tue,0,after_class
2021-05-04 22:00:00,0.0,5.97,3.1939010000000003,0,9.163901,Tue,0,after_class
2021-05-04 23:00:00,0.0,6.5520000000000005,3.14194,0,9.693940000000001,Tue,0,after_class
2021-05-05 00:00:00,0.0,4.965,2.393694,0,7.358694,Wed,0,after_class
2021-05-05 01:00:00,0.0,6.624,3.171385,0,9.795385,Wed,0,after_class
2021-05-05 02:00:00,0.0,6.474,3.204293,0,9.678293,Wed,0,after_class
2021-05-05 03:00:00,0.0,6.386,3.254521,0,9.640521,Wed,0,after_class
2021-05-05 04:00:00,0.0,6.626,3.232005,0,9.858005,Wed,0,after_class
2021-05-05 05:00:00,0.0,6.322,2.5391839999999997,0,8.861184,Wed,0,after_class
2021-05-05 06:00:00,0.434,5.728000000000001,3.0639979999999998,0,9.225998,Wed,0,after_class
2021-05-05 07:00:00,0.511,4.7620000000000005,6.521167999999999,0,11.794167999999999,Wed,0,after_class
2021-05-05 08:00:00,0.7310000000000002,4.854,10.499687000000002,0,16.084687000000002,Wed,0,after_class
2021-05-05 09:00:00,0.9460000000000002,4.264,9.650981999999999,0,14.860982,Wed,0,1
2021-05-05 10:00:00,0.9790000000000001,5.078,6.282145,0,12.339145,Wed,0,1
2021-05-05 11:00:00,1.143,5.402,3.822634,0,10.367633999999999,Wed,0,1
2021-05-05 12:00:00,1.2690000000000001,5.404,3.554168,0,10.227168,Wed,0,2
2021-05-05 13:00:00,1.59,5.994000000000001,3.562824,0,11.146824,Wed,0,break
2021-05-05 14:00:00,1.353,5.61,3.202562,0,10.165562,Wed,0,3
2021-05-05 15:00:00,1.3940000000000001,5.902,2.559971,0,9.855971,Wed,0,3
2021-05-05 16:00:00,1.482,6.3500000000000005,2.894257,0,10.726257,Wed,0,4
2021-05-05 17:00:00,1.539,6.824,3.135011,0,11.498011,Wed,0,4
2021-05-05 18:00:00,1.038,6.694,3.358444,0,11.090444,Wed,0,5
2021-05-05 19:00:00,0.43800000000000006,6.458,3.361907,0,10.257907,Wed,0,5
2021-05-05 20:00:00,0.09,6.029999999999999,3.393083,0,9.513082999999998,Wed,0,5
2021-05-05 21:00:00,0.0,6.0,3.270111,0,9.270111,Wed,0,after_class
2021-05-05 22:00:00,0.0,6.04,3.283967,0,9.323967,Wed,0,after_class
2021-05-05 23:00:00,0.0,6.574,3.32034,0,9.89434,Wed,0,after_class
2021-05-06 00:00:00,0.0,5.012,2.475099,0,7.487099,Thu,0,after_class
2021-05-06 01:00:00,0.0,6.58,3.270112,0,9.850112,Thu,0,after_class
2021-05-06 02:00:00,0.0,6.5280000000000005,3.2995539999999997,0,9.827554,Thu,0,after_class
2021-05-06 03:00:00,0.0,6.404,3.37057,0,9.77457,Thu,0,after_class
2021-05-06 04:00:00,0.0,6.682,3.2649150000000002,0,9.946915,Thu,0,after_class
2021-05-06 05:00:00,0.0,6.422000000000001,3.065729,0,9.487729000000002,Thu,0,after_class
2021-05-06 06:00:00,0.258,6.04,2.353857,0,8.651857,Thu,0,after_class
2021-05-06 07:00:00,1.351,5.886,2.476833,0,9.713833000000001,Thu,0,after_class
2021-05-06 08:00:00,6.147000000000001,9.276,3.97159,0,19.39459,Thu,0,after_class
2021-05-06 09:00:00,10.105999999999998,13.745999999999999,6.864114,0,30.716113999999997,Thu,0,1
2021-05-06 10:00:00,10.934000000000001,12.94,15.190078,0,39.064078,Thu,0,1
2021-05-06 11:00:00,11.980999999999998,13.926,17.420959,0,43.32795899999999,Thu,0,1
2021-05-06 12:00:00,11.959999999999999,12.908000000000001,18.562381000000002,0,43.430381000000004,Thu,0,2
2021-05-06 13:00:00,12.630999999999997,12.934,19.005786,0,44.570786,Thu,0,break
2021-05-06 14:00:00,12.483,14.623999999999999,16.993143,0,44.100143,Thu,0,3
2021-05-06 15:00:00,13.296,14.57,12.204025999999999,0,40.070026,Thu,0,3
2021-05-06 16:00:00,12.963999999999997,15.892000000000001,6.082958,0,34.938958,Thu,0,4
2021-05-06 17:00:00,13.147,16.137999999999998,3.6251800000000003,0,32.91018,Thu,0,4
2021-05-06 18:00:00,11.314000000000002,15.393999999999998,3.594006,0,30.302006,Thu,0,5
2021-05-06 19:00:00,8.473,13.902000000000001,3.7135160000000003,0,26.088516,Thu,0,5
2021-05-06 20:00:00,7.453000000000001,11.658,3.283967,0,22.394967,Thu,0,5
2021-05-06 21:00:00,6.778,11.41,3.2008289999999997,0,21.388828999999998,Thu,0,after_class
2021-05-06 22:00:00,0.267,6.54,3.2233460000000003,0,10.030346000000002,Thu,0,after_class
2021-05-06 23:00:00,0.0,6.854,3.223345,0,10.077345000000001,Thu,0,after_class
2021-05-07 00:00:00,0.0,7.04,3.240666,0,10.280666,Fri,0,after_class
2021-05-07 01:00:00,0.0,7.056,3.211221,0,10.267221,Fri,0,after_class
2021-05-07 02:00:00,0.0,6.7700000000000005,3.3082149999999997,0,10.078215,Fri,0,after_class
2021-05-07 03:00:00,0.0,6.858,3.1939,0,10.0519,Fri,0,after_class
2021-05-07 04:00:00,0.0,7.03,3.226811,0,10.256811,Fri,0,after_class
2021-05-07 05:00:00,0.0,6.736,2.629251,0,9.365251,Fri,0,after_class
2021-05-07 06:00:00,1.123,6.624,2.559972,0,10.306972,Fri,0,after_class
2021-05-07 07:00:00,2.107999999999999,5.994000000000001,6.673589,0,14.775589,Fri,0,after_class
2021-05-07 08:00:00,4.578000000000002,8.086,7.707622,0,20.371622000000002,Fri,0,after_class
2021-05-07 09:00:00,6.8229999999999995,11.932,3.613057,0,22.368057,Fri,0,1
2021-05-07 10:00:00,7.819999999999999,12.370000000000001,4.354373,0,24.544373,Fri,0,1
2021-05-07 11:00:00,10.79,16.176000000000002,3.202562,0,30.168562,Fri,0,1
2021-05-07 12:00:00,12.436000000000002,16.052,4.463495,1,33.951495,Fri,0,2
2021-05-07 13:00:00,14.213,17.434,4.134403000000001,1,36.781403,Fri,0,break
2021-05-07 14:00:00,14.271999999999997,18.671999999999997,3.299557,0,36.243556999999996,Fri,0,3
2021-05-07 15:00:00,13.447,18.39,3.938681,1,36.775681,Fri,0,3
2021-05-07 16:00:00,11.2,17.95,3.200828,0,32.350828,Fri,0,4
2021-05-07 17:00:00,11.270999999999999,16.840000000000003,3.872865,1,32.98386500000001,Fri,0,4
2021-05-07 18:00:00,8.699,13.724,3.628644,0,26.051644000000003,Fri,0,5
2021-05-07 19:00:00,5.796999999999999,11.026,3.6269109999999998,0,20.449911,Fri,0,5
2021-05-07 20:00:00,4.617999999999999,9.042,3.36364,0,17.02364,Fri,0,5
2021-05-07 21:00:00,4.659,8.585999999999999,3.315143,0,16.560142999999997,Fri,0,after_class
2021-05-07 22:00:00,3.707,8.213999999999999,3.214684,0,15.135684,Fri,0,after_class
2021-05-07 23:00:00,0.015,6.774,3.341125,0,10.130125,Fri,0,after_class
2021-05-08 00:00:00,0.0,5.306,2.605003,0,7.911003,Sat,1,after_class
2021-05-08 01:00:00,0.0,7.069999999999999,3.3601780000000003,0,10.430178,Sat,1,after_class
2021-05-08 02:00:00,0.0,7.098,3.370568,0,10.468568,Sat,1,after_class
2021-05-08 03:00:00,0.0,6.973999999999999,3.2874309999999998,0,10.261430999999998,Sat,1,after_class
2021-05-08 04:00:00,0.0,7.0440000000000005,3.2302720000000003,0,10.274272,Sat,1,after_class
2021-05-08 05:00:00,0.0,6.7540000000000004,2.691605,0,9.445605,Sat,1,after_class
2021-05-08 06:00:00,0.7600000000000001,6.3180000000000005,3.155794,0,10.233794,Sat,1,after_class
2021-05-08 07:00:00,1.9909999999999999,5.246,8.15276,0,15.38976,Sat,1,after_class
2021-05-08 08:00:00,6.444999999999999,8.684,12.896844999999999,0,28.025844999999997,Sat,1,after_class
2021-05-08 09:00:00,7.247999999999999,9.342,16.51856,1,34.10856,Sat,1,1
2021-05-08 10:00:00,8.885000000000002,9.242,19.172061,0,37.299061,Sat,1,1
2021-05-08 11:00:00,9.320000000000004,9.966,19.478634,1,39.764634,Sat,1,1
2021-05-08 12:00:00,9.340999999999998,10.52,14.291145,0,34.152145,Sat,1,2
2021-05-08 13:00:00,10.167000000000002,11.533999999999999,10.194845,1,32.895845,Sat,1,break
2021-05-08 14:00:00,9.946000000000002,12.682,5.837008,0,28.465008,Sat,1,3
2021-05-08 15:00:00,9.901,12.512,4.146527,0,26.559527,Sat,1,3
2021-05-08 16:00:00,8.65,12.046,2.83017,1,24.526169999999997,Sat,1,4
2021-05-08 17:00:00,7.257999999999998,11.584,3.947343,0,22.789343,Sat,1,4
2021-05-08 18:00:00,4.567999999999999,9.442,3.678874,0,17.688874,Sat,1,5
2021-05-08 19:00:00,2.3189999999999995,7.774,3.588809,0,13.681809,Sat,1,5
2021-05-08 20:00:00,0.0,6.038,3.244129,0,9.282129000000001,Sat,1,5
2021-05-08 21:00:00,0.002,6.116,3.3376599999999996,0,9.455659999999998,Sat,1,after_class
2021-05-08 22:00:00,0.007,6.117999999999999,3.356713,0,9.481713,Sat,1,after_class
2021-05-08 23:00:00,0.0,6.795999999999999,3.4138710000000003,0,10.209871,Sat,1,after_class
2021-05-09 00:00:00,0.0,5.249,2.552177,0,7.801176999999999,Sun,1,after_class
2021-05-09 01:00:00,0.0,6.686000000000001,3.4208,0,10.1068,Sun,1,after_class
2021-05-09 02:00:00,0.0,6.62,3.3411239999999998,0,9.961124,Sun,1,after_class
2021-05-09 03:00:00,0.0,6.65,3.3549800000000003,0,10.00498,Sun,1,after_class
2021-05-09 04:00:00,0.0,6.78,3.332466,0,10.112466000000001,Sun,1,after_class
2021-05-09 05:00:00,0.0,6.594,3.055336,0,9.649336,Sun,1,after_class
2021-05-09 06:00:00,0.754,6.172,2.464708,0,9.390708,Sun,1,after_class
2021-05-09 07:00:00,1.115,5.140000000000001,4.984839,0,11.239839,Sun,1,after_class
2021-05-09 08:00:00,3.1169999999999995,7.03,10.477172,1,21.624172,Sun,1,after_class
2021-05-09 09:00:00,5.191999999999999,7.792,17.124779,0,30.108779,Sun,1,1
2021-05-09 10:00:00,5.312000000000001,7.162000000000001,19.637982,0,32.111982000000005,Sun,1,1
2021-05-09 11:00:00,6.767999999999999,7.465999999999999,19.889131,0,34.123131,Sun,1,1
2021-05-09 12:00:00,6.915,7.462,19.849294,1,35.226293999999996,Sun,1,2
2021-05-09 13:00:00,6.608999999999999,7.351999999999999,18.624733,1,33.585733,Sun,1,break
2021-05-09 14:00:00,6.088999999999999,7.09,15.735674,0,28.914673999999998,Sun,1,3
2021-05-09 15:00:00,6.542000000000001,8.992,8.585772,1,25.119772000000005,Sun,1,3
2021-05-09 16:00:00,6.175999999999999,10.065999999999999,2.939289,0,19.181288999999996,Sun,1,4
2021-05-09 17:00:00,5.272,9.52,3.27011,0,18.06211,Sun,1,4
2021-05-09 18:00:00,3.6519999999999997,8.882,3.27704,0,15.811039999999998,Sun,1,5
2021-05-09 19:00:00,2.551,8.016,3.400014,0,13.967014,Sun,1,5
2021-05-09 20:00:00,1.0590000000000002,7.218,3.178314,0,11.455314000000001,Sun,1,5
2021-05-09 21:00:00,0.0,6.322,3.095174,0,9.417174,Sun,1,after_class
2021-05-09 22:00:00,0.0,6.194,3.017232,0,9.211231999999999,Sun,1,after_class
2021-05-09 23:00:00,0.0,6.88,3.063996,0,9.943996,Sun,1,after_class
2021-05-10 00:00:00,0.0,5.178999999999999,2.312287,0,7.491287,Mon,0,after_class
2021-05-10 01:00:00,0.0,6.928,3.121155,0,10.049154999999999,Mon,0,after_class
2021-05-10 02:00:00,0.0,6.904000000000001,2.98259,0,9.886590000000002,Mon,0,after_class
2021-05-10 03:00:00,0.0,6.874,3.0068390000000003,0,9.880839,Mon,0,after_class
2021-05-10 04:00:00,0.0,6.762,3.0674609999999998,0,9.829460999999998,Mon,0,after_class
2021-05-10 05:00:00,0.0,6.502,2.414478,0,8.916478,Mon,0,after_class
2021-05-10 06:00:00,0.48100000000000004,6.272,3.192169,0,9.945169,Mon,0,after_class
2021-05-10 07:00:00,2.38,5.638,8.620413,0,16.638413,Mon,0,after_class
2021-05-10 08:00:00,4.3169999999999975,7.02,11.040085,0,22.377084999999994,Mon,0,after_class
2021-05-10 09:00:00,7.018,9.558,15.49492,1,33.07092,Mon,0,1
2021-05-10 10:00:00,9.249,10.501999999999999,18.396103,0,38.147103,Mon,0,1
2021-05-10 11:00:00,11.899000000000003,14.639999999999999,19.92897,0,46.46797,Mon,0,1
2021-05-10 12:00:00,11.358999999999998,14.712,18.480974,0,44.551974,Mon,0,2
2021-05-10 13:00:00,12.937999999999999,15.134,18.858562,0,46.930561999999995,Mon,0,break
2021-05-10 14:00:00,13.836,16.72,16.554933,0,47.110932999999996,Mon,0,3
2021-05-10 15:00:00,13.183999999999997,15.782,10.866883,0,39.832882999999995,Mon,0,3
2021-05-10 16:00:00,11.854999999999999,15.604,6.321983,0,33.780983,Mon,0,4
2021-05-10 17:00:00,10.605000000000002,13.758,2.968735,0,27.331735,Mon,0,4
2021-05-10 18:00:00,8.487000000000002,12.84,3.32034,0,24.64734,Mon,0,5
2021-05-10 19:00:00,3.7979999999999996,9.604,3.410407,0,16.812407,Mon,0,5
2021-05-10 20:00:00,2.1109999999999998,7.3580000000000005,3.228541,0,12.697541000000001,Mon,0,5
2021-05-10 21:00:00,0.918,6.8500000000000005,3.1505989999999997,0,10.918599,Mon,0,after_class
2021-05-10 22:00:00,0.0,6.4479999999999995,3.2458609999999997,0,9.693860999999998,Mon,0,after_class
2021-05-10 23:00:00,0.0,6.997999999999999,3.297825,0,10.295824999999999,Mon,0,after_class
2021-05-11 00:00:00,0.0,5.201999999999999,2.4040850000000002,0,7.606084999999999,Tue,0,after_class
2021-05-11 01:00:00,0.0,7.16,3.1765809999999997,0,10.336580999999999,Tue,0,after_class
2021-05-11 02:00:00,0.0,6.9159999999999995,3.154064,0,10.070063999999999,Tue,0,after_class
2021-05-11 03:00:00,0.0,6.742,3.0986380000000002,0,9.840638,Tue,0,after_class
2021-05-11 04:00:00,0.0,7.0920000000000005,3.065729,0,10.157729,Tue,0,after_class
2021-05-11 05:00:00,0.012,6.548,2.421406,0,8.981406,Tue,0,after_class
2021-05-11 06:00:00,0.608,6.55,2.85615,0,10.014149999999999,Tue,0,after_class
2021-05-11 07:00:00,1.8459999999999999,6.061999999999999,5.016018,0,12.924018,Tue,0,after_class
2021-05-11 08:00:00,5.007999999999999,9.724,2.9444850000000002,0,17.676485,Tue,0,after_class
2021-05-11 09:00:00,5.321999999999999,11.143999999999998,4.550095,1,22.016094999999996,Tue,0,1
2021-05-11 10:00:00,7.182,12.149999999999999,4.059928,0,23.391928,Tue,0,1
2021-05-11 11:00:00,13.105000000000002,18.990000000000002,3.431191,0,35.526191000000004,Tue,0,1
2021-05-11 12:00:00,13.754999999999999,18.404,3.813975,0,35.972975,Tue,0,2
2021-05-11 13:00:00,15.046000000000001,18.52,4.059926,0,37.625926,Tue,0,break
2021-05-11 14:00:00,14.996,17.654,5.591056999999999,0,38.241057,Tue,0,3
2021-05-11 15:00:00,14.542000000000002,18.485999999999997,4.763137,0,37.791137,Tue,0,3
2021-05-11 16:00:00,14.604999999999999,19.014000000000003,4.340518,0,37.959518,Tue,0,4
2021-05-11 17:00:00,13.330000000000005,15.578,3.081319,0,31.989319000000005,Tue,0,4
2021-05-11 18:00:00,11.878999999999996,14.632,3.380961,0,29.891960999999995,Tue,0,5
2021-05-11 19:00:00,10.81,14.29,3.4641,0,28.564100000000003,Tue,0,5
2021-05-11 20:00:00,8.613000000000003,11.512,3.167919,0,23.292919000000005,Tue,0,5
2021-05-11 21:00:00,0.046,6.228,3.266647,0,9.540647,Tue,0,after_class
2021-05-11 22:00:00,0.0,6.078,3.232006,0,9.310006000000001,Tue,0,after_class
2021-05-11 23:00:00,0.0,6.802,3.2718439999999998,0,10.073844,Tue,0,after_class
2021-05-12 00:00:00,0.0,6.788,3.225079,0,10.013079000000001,Wed,0,after_class
2021-05-12 01:00:00,0.0,6.912,3.141939,0,10.053939,Wed,0,after_class
2021-05-12 02:00:00,0.0,6.574000000000001,2.996449,0,9.570449,Wed,0,after_class
2021-05-12 03:00:00,0.0,6.67,3.062264,0,9.732264,Wed,0,after_class
2021-05-12 04:00:00,0.0,6.868,3.0536060000000003,0,9.921606,Wed,0,after_class
2021-05-12 05:00:00,0.0,6.25,2.499349,0,8.749349,Wed,0,after_class
2021-05-12 06:00:00,0.0,5.514,3.0639969999999996,0,8.577997,Wed,0,after_class
2021-05-12 07:00:00,1.906,5.364,8.606556000000001,0,15.876556,Wed,0,after_class
2021-05-12 08:00:00,5.985,7.725999999999999,11.428065,0,25.139065,Wed,0,after_class
2021-05-12 09:00:00,10.347,11.597999999999999,14.02441,0,35.969409999999996,Wed,0,1
2021-05-12 10:00:00,10.375999999999998,12.172,12.863935,1,36.411935,Wed,0,1
2021-05-12 11:00:00,12.101,14.66,14.92161,0,41.682610000000004,Wed,0,1
2021-05-12 12:00:00,11.122999999999998,14.132000000000001,11.318947999999999,0,36.573948,Wed,0,2
2021-05-12 13:00:00,11.563999999999998,13.56,12.096637,0,37.220636999999996,Wed,0,break
2021-05-12 14:00:00,13.525,17.291999999999998,6.164367,0,36.981367,Wed,0,3
2021-05-12 15:00:00,12.073000000000002,16.212,4.156921,0,32.441921,Wed,0,3
2021-05-12 16:00:00,10.814000000000002,14.59,3.046676,0,28.450676000000005,Wed,0,4
2021-05-12 17:00:00,6.9510000000000005,11.626,3.008571,0,21.585570999999998,Wed,0,4
2021-05-12 18:00:00,4.973,10.456,3.389621,0,18.818621,Wed,0,5
2021-05-12 19:00:00,2.6969999999999996,8.978,3.4381199999999996,0,15.113119999999999,Wed,0,5
2021-05-12 20:00:00,0.5449999999999999,7.236,3.349785,0,11.130785,Wed,0,5
2021-05-12 21:00:00,0.156,6.564,3.332464,0,10.052464,Wed,0,after_class
2021-05-12 22:00:00,0.046,6.5280000000000005,3.202561,0,9.776561000000001,Wed,0,after_class
2021-05-12 23:00:00,0.0,6.93,3.342858,0,10.272858,Wed,0,after_class
2021-05-13 00:00:00,0.0,5.28,2.373775,0,7.653775,Thu,0,after_class
2021-05-13 01:00:00,0.0,7.127999999999999,3.292626,0,10.420625999999999,Thu,0,after_class
2021-05-13 02:00:00,0.0,6.798000000000001,3.190435,0,9.988435,Thu,0,after_class
2021-05-13 03:00:00,0.0,6.884,3.197365,0,10.081365,Thu,0,after_class
2021-05-13 04:00:00,0.0,6.91,3.190436,0,10.100436,Thu,0,after_class
2021-05-13 05:00:00,0.0,6.92,2.90638,0,9.82638,Thu,0,after_class
2021-05-13 06:00:00,0.344,6.526,2.454314,0,9.324314000000001,Thu,0,after_class
2021-05-13 07:00:00,1.575,6.538,2.514938,0,10.627938,Thu,0,after_class
2021-05-13 08:00:00,5.973,9.751999999999999,3.129817,0,18.854816999999997,Thu,0,after_class
2021-05-13 09:00:00,9.797999999999995,14.486,3.715249,0,27.999248999999995,Thu,0,1
2021-05-13 10:00:00,10.216000000000001,15.110000000000001,3.822635,0,29.148635,Thu,0,1
2021-05-13 11:00:00,11.875,17.914,3.225078,0,33.014078,Thu,0,1
2021-05-13 12:00:00,12.210999999999999,16.483999999999998,3.632108,0,32.327107999999996,Thu,0,2
2021-05-13 13:00:00,13.517000000000003,18.406000000000002,4.078977,0,36.001977000000004,Thu,0,break
2021-05-13 14:00:00,13.370000000000001,20.636,3.2839679999999998,1,38.289968,Thu,0,3
2021-05-13 15:00:00,13.902999999999997,19.784,3.734299,0,37.421299,Thu,0,3
2021-05-13 16:00:00,14.177999999999999,20.458000000000002,3.06746,0,37.70346,Thu,0,4
2021-05-13 17:00:00,12.575,18.496,4.033944,0,35.104943999999996,Thu,0,4
2021-05-13 18:00:00,10.069999999999999,16.863999999999997,3.557632,0,30.491631999999996,Thu,0,5
2021-05-13 19:00:00,5.17,12.7,4.07378,0,21.943779999999997,Thu,0,5
2021-05-13 20:00:00,2.242,9.607999999999999,3.39482,0,15.244819999999997,Thu,0,5
2021-05-13 21:00:00,0.5640000000000001,6.722,3.410407,0,10.696407,Thu,0,after_class
2021-05-13 22:00:00,0.248,6.3260000000000005,3.393087,0,9.967087000000001,Thu,0,after_class
2021-05-13 23:00:00,0.0,6.75,3.3411239999999998,0,10.091124,Thu,0,after_class
2021-05-14 00:00:00,0.0,5.15,2.6102,0,7.7602,Fri,0,after_class
2021-05-14 01:00:00,0.0,6.708,3.450245,0,10.158245,Fri,0,after_class
2021-05-14 02:00:00,0.0,6.71,3.356712,0,10.066711999999999,Fri,0,after_class
2021-05-14 03:00:00,0.0,6.57,3.400015,0,9.970015,Fri,0,after_class
2021-05-14 04:00:00,0.0,6.764,3.389621,0,10.153621000000001,Fri,0,after_class
2021-05-14 05:00:00,0.0,6.382000000000001,2.816314,0,9.198314,Fri,0,after_class
2021-05-14 06:00:00,0.006,5.718,3.348053,0,9.072053,Fri,0,after_class
2021-05-14 07:00:00,1.7439999999999998,5.312,8.038444,0,15.094444,Fri,0,after_class
2021-05-14 08:00:00,4.765999999999999,8.006,10.63825,0,23.410249999999998,Fri,0,after_class
2021-05-14 09:00:00,6.483999999999999,9.828,12.817171,0,29.129171,Fri,0,1
2021-05-14 10:00:00,8.394999999999998,10.113999999999999,16.253556,0,34.762556,Fri,0,1
2021-05-14 11:00:00,11.336000000000002,13.451999999999998,18.172669,1,43.960668999999996,Fri,0,1
2021-05-14 12:00:00,11.879999999999995,13.334,17.353409,0,42.567409,Fri,0,2
2021-05-14 13:00:00,12.765999999999998,13.236,16.994875,0,42.996875,Fri,0,break
2021-05-14 14:00:00,12.634,15.158000000000001,14.396799,1,43.188799,Fri,0,3
2021-05-14 15:00:00,12.670000000000002,15.968,10.475438,1,40.113438,Fri,0,3
2021-05-14 16:00:00,10.408999999999999,16.088,5.828347,1,33.325347,Fri,0,4
2021-05-14 17:00:00,10.997999999999998,15.202,3.143672,0,29.343671999999994,Fri,0,4
2021-05-14 18:00:00,10.421999999999997,14.614,3.484883,0,28.520882999999998,Fri,0,5
2021-05-14 19:00:00,6.603,12.432,3.4675640000000003,0,22.502564,Fri,0,5
2021-05-14 20:00:00,3.998999999999999,8.468,3.2874309999999998,0,15.754430999999999,Fri,0,5
2021-05-14 21:00:00,0.365,6.872,3.268379,0,10.505379,Fri,0,after_class
2021-05-14 22:00:00,0.043,6.486000000000001,3.365372,0,9.894372,Fri,0,after_class
2021-05-14 23:00:00,0.0,6.897999999999999,3.297823,0,10.195822999999999,Fri,0,after_class
2021-05-15 00:00:00,0.0,7.1659999999999995,3.4000139999999996,0,10.566014,Sat,1,after_class
2021-05-15 01:00:00,0.0,7.178,3.334197,0,10.512197,Sat,1,after_class
2021-05-15 02:00:00,0.0,7.192,3.30302,0,10.49502,Sat,1,after_class
2021-05-15 03:00:00,0.0,6.94,3.038017,0,9.978017000000001,Sat,1,after_class
2021-05-15 04:00:00,0.0,7.08,3.223343,0,10.303343,Sat,1,after_class
2021-05-15 05:00:00,0.0,6.6,2.475101,0,9.075101,Sat,1,after_class
2021-05-15 06:00:00,0.41200000000000003,6.098,2.485492,0,8.995491999999999,Sat,1,after_class
2021-05-15 07:00:00,1.6759999999999993,6.071999999999999,5.682856,0,13.430855999999999,Sat,1,after_class
2021-05-15 08:00:00,5.63,9.033999999999999,10.376712000000001,0,25.040712,Sat,1,after_class
2021-05-15 09:00:00,7.143000000000001,9.99,14.822884,1,32.955884000000005,Sat,1,1
2021-05-15 10:00:00,9.245000000000003,9.948,18.742514,0,37.935514000000005,Sat,1,1
2021-05-15 11:00:00,9.587000000000002,10.431999999999999,19.868344999999998,1,40.887344999999996,Sat,1,1
2021-05-15 12:00:00,9.437,10.042000000000002,19.823312,2,41.302312,Sat,1,2
2021-05-15 13:00:00,10.377,10.728,18.721728,0,39.826728,Sat,1,break
2021-05-15 14:00:00,9.950000000000003,10.905999999999999,12.718442,1,34.574442000000005,Sat,1,3
2021-05-15 15:00:00,9.586,12.55,6.051783,1,29.187783000000003,Sat,1,3
2021-05-15 16:00:00,9.031999999999998,12.83,2.99125,0,24.85325,Sat,1,4
2021-05-15 17:00:00,7.21,11.364,3.621718,0,22.195718000000003,Sat,1,4
2021-05-15 18:00:00,5.000000000000001,9.882,3.299555,0,18.181555000000003,Sat,1,5
2021-05-15 19:00:00,3.004000000000001,8.282,3.524721,0,14.810721000000001,Sat,1,5
2021-05-15 20:00:00,1.975,7.388000000000001,3.21815,0,12.581150000000001,Sat,1,5
2021-05-15 21:00:00,0.742,6.766,3.322073,0,10.830073,Sat,1,after_class
2021-05-15 22:00:00,0.0,6.516,3.4450469999999997,0,9.961047,Sat,1,after_class
2021-05-15 23:00:00,0.0,6.96,3.315144,0,10.275144000000001,Sat,1,after_class
2021-05-16 00:00:00,0.0,5.5,2.5357209999999997,0,8.035720999999999,Sun,1,after_class
2021-05-16 01:00:00,0.0,7.252,3.382694,0,10.634694,Sun,1,after_class
2021-05-16 02:00:00,0.0,6.83,3.271842,0,10.101842,Sun,1,after_class
2021-05-16 03:00:00,0.0,6.878,3.2926260000000003,0,10.170626,Sun,1,after_class
2021-05-16 04:00:00,0.0,7.026,3.282236,0,10.308236,Sun,1,after_class
2021-05-16 05:00:00,0.0,6.59,2.547847,0,9.137847,Sun,1,after_class
2021-05-16 06:00:00,0.009,5.776,3.61652,0,9.40152,Sun,1,after_class
2021-05-16 07:00:00,0.001,4.65,6.971503,0,11.622503000000002,Sun,1,after_class
2021-05-16 08:00:00,2.2960000000000003,7.0920000000000005,6.891828,0,16.279828000000002,Sun,1,after_class
2021-05-16 09:00:00,4.633,10.044,3.9941079999999998,0,18.671108,Sun,1,1
2021-05-16 10:00:00,5.179000000000001,10.048,5.147652,0,20.374652,Sun,1,1
2021-05-16 11:00:00,6.715,10.367999999999999,5.381479000000001,0,22.464478999999997,Sun,1,1
2021-05-16 12:00:00,6.855000000000001,8.828,9.98527,0,25.66827,Sun,1,2
2021-05-16 13:00:00,6.634999999999998,9.78,5.875114,0,22.290114,Sun,1,break
2021-05-16 14:00:00,6.900999999999999,10.174,3.431193,1,21.506193,Sun,1,3
2021-05-16 15:00:00,6.976000000000001,10.434,3.768941,0,21.178941000000002,Sun,1,3
2021-05-16 16:00:00,6.474,11.162,2.963538,0,20.599538000000003,Sun,1,4
2021-05-16 17:00:00,4.670000000000001,9.68,3.64943,0,17.99943,Sun,1,4
2021-05-16 18:00:00,2.4939999999999998,8.136,3.789725,0,14.419725,Sun,1,5
2021-05-16 19:00:00,1.945,7.512,3.651161,0,13.108160999999999,Sun,1,5
2021-05-16 20:00:00,1.097,6.8839999999999995,3.427727,0,11.408726999999999,Sun,1,5
2021-05-16 21:00:00,0.11699999999999999,6.214,3.502206,0,9.833206,Sun,1,after_class
2021-05-16 22:00:00,0.0,6.090000000000001,3.36191,0,9.451910000000002,Sun,1,after_class
2021-05-16 23:00:00,0.0,6.819999999999999,3.420798,0,10.240798,Sun,1,after_class
2021-05-17 00:00:00,0.0,5.0680000000000005,2.55131,0,7.6193100000000005,Mon,0,after_class
2021-05-17 01:00:00,0.0,6.8839999999999995,3.493544,0,10.377544,Mon,0,after_class
2021-05-17 02:00:00,0.0,6.774,3.479688,0,10.253688,Mon,0,after_class
2021-05-17 03:00:00,0.0,6.504,3.4918120000000004,0,9.995812,Mon,0,after_class
2021-05-17 04:00:00,0.0,6.918,3.5593630000000003,0,10.477363,Mon,0,after_class
2021-05-17 05:00:00,0.005,6.542,3.131546,0,9.678546,Mon,0,after_class
2021-05-17 06:00:00,0.004,6.296,2.747032,0,9.047032,Mon,0,after_class
2021-05-17 07:00:00,1.5799999999999998,6.296,2.717587,0,10.593587,Mon,0,after_class
2021-05-17 08:00:00,4.775999999999998,8.784,3.017232,0,16.577232,Mon,0,after_class
2021-05-17 09:00:00,7.568,10.954,4.453103,0,22.975102999999997,Mon,0,1
2021-05-17 10:00:00,10.258,12.536,5.9392,0,28.733199999999997,Mon,0,1
2021-05-17 11:00:00,13.089999999999996,17.806,2.921967,1,34.817966999999996,Mon,0,1
2021-05-17 12:00:00,12.228000000000003,16.342,3.6788730000000003,0,32.248873,Mon,0,2
2021-05-17 13:00:00,13.674000000000003,15.732000000000001,5.144189,1,35.550189,Mon,0,break
2021-05-17 14:00:00,14.175,17.872,3.874596,0,35.921595999999994,Mon,0,3
2021-05-17 15:00:00,13.716000000000001,17.5,3.4554400000000003,1,35.671440000000004,Mon,0,3
2021-05-17 16:00:00,12.162999999999997,18.062,3.491812,0,33.716812,Mon,0,4
2021-05-17 17:00:00,11.035000000000002,14.588000000000001,3.5974690000000002,1,30.220469000000005,Mon,0,4
2021-05-17 18:00:00,10.1,14.372,3.555897,0,28.027897000000003,Mon,0,5
2021-05-17 19:00:00,5.310999999999999,10.293999999999999,3.770673,0,19.375672999999995,Mon,0,5
2021-05-17 20:00:00,2.999,7.6659999999999995,3.356713,0,14.021712999999998,Mon,0,5
2021-05-17 21:00:00,1.738,7.012,3.680605,0,12.430605,Mon,0,after_class
2021-05-17 22:00:00,0.0,6.152,3.358443,0,9.510443,Mon,0,after_class
2021-05-17 23:00:00,0.0,6.723999999999999,3.495279,0,10.219279,Mon,0,after_class
2021-05-18 00:00:00,0.0,6.858,3.5074,0,10.3654,Tue,0,after_class
2021-05-18 01:00:00,0.022,6.768,3.4814220000000002,0,10.271422000000001,Tue,0,after_class
2021-05-18 02:00:00,0.0,6.582000000000001,3.3428560000000003,0,9.924856000000002,Tue,0,after_class
2021-05-18 03:00:00,0.0,6.548,3.348053,0,9.896053,Tue,0,after_class
2021-05-18 04:00:00,0.0,6.6240000000000006,3.460636,0,10.084636,Tue,0,after_class
2021-05-18 05:00:00,0.129,6.768000000000001,3.16792,0,10.06492,Tue,0,after_class
2021-05-18 06:00:00,1.859,7.082,2.795528,0,11.736528,Tue,0,after_class
2021-05-18 07:00:00,2.8729999999999993,7.085999999999999,2.589415,0,12.548414999999999,Tue,0,after_class
2021-05-18 08:00:00,5.362,9.422,3.171383,0,17.955383,Tue,0,after_class
2021-05-18 09:00:00,6.775,12.617999999999999,3.048406,1,23.441406,Tue,0,1
2021-05-18 10:00:00,6.420999999999999,12.186,4.719835,1,24.326835,Tue,0,1
2021-05-18 11:00:00,12.865000000000002,18.854,4.033944,0,35.752944,Tue,0,1
2021-05-18 12:00:00,12.934,17.776,4.382087,1,36.092087,Tue,0,2
2021-05-18 13:00:00,14.2,17.232,4.077246,1,36.509246,Tue,0,break
2021-05-18 14:00:00,13.542,18.01,3.4138710000000003,0,34.965871,Tue,0,3
2021-05-18 15:00:00,14.264,18.844,3.879792,1,37.987792000000006,Tue,0,3
2021-05-18 16:00:00,14.662000000000004,20.044,3.992374,1,39.698374,Tue,0,4
2021-05-18 17:00:00,12.745999999999999,16.53,4.543168,0,33.819168,Tue,0,4
2021-05-18 18:00:00,10.998999999999999,15.386000000000001,3.794925,0,30.179924999999997,Tue,0,5
2021-05-18 19:00:00,5.305999999999999,11.96,3.602665,0,20.868665,Tue,0,5
2021-05-18 20:00:00,2.2180000000000004,9.176,3.3411229999999996,0,14.735123,Tue,0,5
2021-05-18 21:00:00,1.713,9.030000000000001,3.316878,0,14.059878000000001,Tue,0,after_class
2021-05-18 22:00:00,0.38500000000000006,7.062,3.29436,0,10.74136,Tue,0,after_class
2021-05-18 23:00:00,0.0,7.086,3.325536,0,10.411536,Tue,0,after_class
2021-05-19 00:00:00,0.0,5.641,2.652635,0,8.293635,Wed,0,after_class
2021-05-19 01:00:00,0.0,7.408,3.431191,0,10.839191,Wed,0,after_class
2021-05-19 02:00:00,0.0,7.306,3.374033,0,10.680033,Wed,0,after_class
2021-05-19 03:00:00,0.005,7.042,3.436386,0,10.483386,Wed,0,after_class
2021-05-19 04:00:00,0.0,7.31,3.400016,0,10.710016,Wed,0,after_class
2021-05-19 05:00:00,0.0,6.99,3.157526,0,10.147526,Wed,0,after_class
2021-05-19 06:00:00,0.9280000000000002,7.042000000000001,2.880398,0,10.850398,Wed,0,after_class
2021-05-19 07:00:00,2.03,7.372,2.752229,0,12.154228999999999,Wed,0,after_class
2021-05-19 08:00:00,5.66,10.16,3.086514,0,18.906514,Wed,0,after_class
2021-05-19 09:00:00,9.041999999999998,13.702,3.254522,0,25.998522,Wed,0,1
2021-05-19 10:00:00,10.588999999999999,14.898,4.0564599999999995,1,30.543459999999996,Wed,0,1
2021-05-19 11:00:00,12.012999999999998,18.548000000000002,3.252791,0,33.813791,Wed,0,1
2021-05-19 12:00:00,11.141000000000005,16.896,3.3896230000000003,0,31.426623000000006,Wed,0,2
2021-05-19 13:00:00,12.167,16.484,3.562825,0,32.213825,Wed,0,break
2021-05-19 14:00:00,12.948999999999998,18.926000000000002,3.173117,1,36.048117,Wed,0,3
2021-05-19 15:00:00,12.613,16.772,3.434657,0,32.819657,Wed,0,3
2021-05-19 16:00:00,10.450000000000001,15.51,3.285698,0,29.245698,Wed,0,4
2021-05-19 17:00:00,5.678000000000001,11.378,2.958342,1,21.014342,Wed,0,4
2021-05-19 18:00:00,4.0139999999999985,10.612,3.6598230000000003,0,18.285822999999997,Wed,0,5
2021-05-19 19:00:00,1.6929999999999996,8.4,3.621715,0,13.714715,Wed,0,5
2021-05-19 20:00:00,0.64,6.858,3.206025,0,10.704025,Wed,0,5
2021-05-19 21:00:00,0.129,6.024,3.498741,0,9.651741000000001,Wed,0,after_class
2021-05-19 22:00:00,0.0,6.14,3.322072,0,9.462072,Wed,0,after_class
2021-05-19 23:00:00,0.0,6.81,3.45544,0,10.26544,Wed,0,after_class
2021-05-20 00:00:00,0.0,5.278,2.612797,0,7.890796999999999,Thu,0,after_class
2021-05-20 01:00:00,0.0,6.73,3.2666459999999997,0,9.996646,Thu,0,after_class
2021-05-20 02:00:00,0.0,6.694000000000001,3.41387,0,10.107870000000002,Thu,0,after_class
2021-05-20 03:00:00,0.0,6.588,3.367105,0,9.955105,Thu,0,after_class
2021-05-20 04:00:00,0.0,6.78,3.32034,0,10.10034,Thu,0,after_class
2021-05-20 05:00:00,0.0,6.248,2.7193180000000003,0,8.967318,Thu,0,after_class
2021-05-20 06:00:00,0.403,5.835999999999999,2.757423,0,8.996423,Thu,0,after_class
2021-05-20 07:00:00,1.7399999999999998,6.050000000000001,3.400015,0,11.190015,Thu,0,after_class
2021-05-20 08:00:00,5.821000000000001,8.245999999999999,5.152848,0,19.219848,Thu,0,after_class
2021-05-20 09:00:00,10.030999999999993,13.808,7.1273859999999996,0,30.966385999999993,Thu,0,1
2021-05-20 10:00:00,10.228999999999997,14.082,5.272361,0,29.583361,Thu,0,1
2021-05-20 11:00:00,11.7,15.782,6.3496950000000005,0,33.831694999999996,Thu,0,1
2021-05-20 12:00:00,11.568999999999997,15.222000000000001,7.250361,0,34.041360999999995,Thu,0,2
2021-05-20 13:00:00,12.745999999999999,16.392000000000003,5.331250000000001,0,34.46925,Thu,0,break
2021-05-20 14:00:00,12.144999999999996,17.756,3.642502,0,33.543502,Thu,0,3
2021-05-20 15:00:00,13.116,17.882,3.5992,0,34.5972,Thu,0,3
2021-05-20 16:00:00,13.110999999999999,18.34,2.991249,0,34.442249000000004,Thu,0,4
2021-05-20 17:00:00,12.006,16.93,4.021821,0,32.957821,Thu,0,4
2021-05-20 18:00:00,9.445999999999998,13.984,3.96293,0,27.39293,Thu,0,5
2021-05-20 19:00:00,6.445999999999998,11.474,3.7135160000000003,0,21.633516,Thu,0,5
2021-05-20 20:00:00,4.149000000000001,8.534,3.3844260000000004,0,16.067426,Thu,0,5
2021-05-20 21:00:00,0.024,6.522,3.367107,0,9.913107,Thu,0,after_class
2021-05-20 22:00:00,0.0,6.618,3.38962,0,10.00762,Thu,0,after_class
2021-05-20 23:00:00,0.0,6.68,3.460636,0,10.140636,Thu,0,after_class
2021-05-21 00:00:00,0.0,6.732,3.535115,0,10.267115,Fri,0,after_class
2021-05-21 01:00:00,0.0,6.7780000000000005,3.405212,0,10.183212000000001,Fri,0,after_class
2021-05-21 02:00:00,0.0,6.78,3.41387,0,10.19387,Fri,0,after_class
2021-05-21 03:00:00,0.0,6.76,3.389621,0,10.149621,Fri,0,after_class
2021-05-21 04:00:00,0.0,6.716,3.406942,0,10.122942,Fri,0,after_class
2021-05-21 05:00:00,0.0,6.954,3.3965490000000003,0,10.350549,Fri,0,after_class
2021-05-21 06:00:00,0.001,6.422000000000001,2.705463,0,9.128463,Fri,0,after_class
2021-05-21 07:00:00,1.8209999999999995,6.6339999999999995,2.646572,0,11.101571999999997,Fri,0,after_class
2021-05-21 08:00:00,4.625,9.947999999999999,3.1800439999999996,1,18.753044,Fri,0,after_class
2021-05-21 09:00:00,8.258,13.176,3.659822,1,26.093821999999996,Fri,0,1
2021-05-21 10:00:00,8.993,12.097999999999999,6.096817,1,28.187817000000003,Fri,0,1
2021-05-21 11:00:00,11.473,16.096,3.403476,1,31.972476000000004,Fri,0,1
2021-05-21 12:00:00,11.202000000000002,15.23,5.121671,1,32.553671,Fri,0,2
2021-05-21 13:00:00,13.408,16.204,4.8324180000000005,2,36.444418,Fri,0,break
2021-05-21 14:00:00,14.003000000000005,18.256,5.087029,1,38.34602900000001,Fri,0,3
2021-05-21 15:00:00,13.742,18.642,4.340517,2,38.724517,Fri,0,3
2021-05-21 16:00:00,11.459999999999999,19.28,3.8520779999999997,1,35.592078,Fri,0,4
2021-05-21 17:00:00,11.610999999999999,17.676000000000002,4.5015979999999995,2,35.788598,Fri,0,4
2021-05-21 18:00:00,11.317999999999996,17.323999999999998,4.314537,1,33.956537,Fri,0,5
2021-05-21 19:00:00,8.107,12.527999999999999,3.8797940000000004,1,25.514794,Fri,0,5
2021-05-21 20:00:00,4.577,9.16,3.363641,0,17.100641,Fri,0,5
2021-05-21 21:00:00,0.14800000000000002,7.151999999999999,3.290896,0,10.590895999999999,Fri,0,after_class
2021-05-21 22:00:00,0.0,6.948,3.329,0,10.277000000000001,Fri,0,after_class
2021-05-21 23:00:00,0.0,6.908,3.4346550000000002,0,10.342655,Fri,0,after_class
2021-05-22 00:00:00,0.0,5.303,2.6179940000000004,0,7.920994,Sat,1,after_class
2021-05-22 01:00:00,0.0,6.953999999999999,3.374032,0,10.328031999999999,Sat,1,after_class
2021-05-22 02:00:00,0.0,6.672,3.5056700000000003,0,10.177669999999999,Sat,1,after_class
2021-05-22 03:00:00,0.0,6.661999999999999,3.4415839999999998,0,10.103583999999998,Sat,1,after_class
2021-05-22 04:00:00,0.0,6.906,3.361909,0,10.267909,Sat,1,after_class
2021-05-22 05:00:00,0.001,6.870000000000001,3.313413,0,10.184413000000001,Sat,1,after_class
2021-05-22 06:00:00,1.2990000000000002,7.702,3.109029,0,12.110028999999999,Sat,1,after_class
2021-05-22 07:00:00,1.9559999999999997,7.472,2.766083,0,12.194083000000001,Sat,1,after_class
2021-05-22 08:00:00,6.808,11.464,3.062265,0,21.334265,Sat,1,after_class
2021-05-22 09:00:00,7.175999999999998,11.744,4.058192,0,22.978192,Sat,1,1
2021-05-22 10:00:00,6.523999999999999,10.927999999999999,4.863596,1,23.315596,Sat,1,1
2021-05-22 11:00:00,7.183999999999999,10.815999999999999,7.582915,0,25.582915,Sat,1,1
2021-05-22 12:00:00,7.222,11.528,4.756208,1,24.506208,Sat,1,2
2021-05-22 13:00:00,7.929,11.604000000000001,4.298949,1,24.831949,Sat,1,break
2021-05-22 14:00:00,7.762999999999998,11.41,3.209488,0,22.382488,Sat,1,3
2021-05-22 15:00:00,8.225999999999999,12.084,4.276432,1,25.586432,Sat,1,3
2021-05-22 16:00:00,7.701,12.086000000000002,2.885596,0,22.672596000000002,Sat,1,4
2021-05-22 17:00:00,7.385000000000001,11.792,3.545508,1,23.722507999999998,Sat,1,4
2021-05-22 18:00:00,5.653999999999999,10.270000000000001,3.8157069999999997,0,19.739707,Sat,1,5
2021-05-22 19:00:00,1.8419999999999999,8.234,4.110157,1,15.186157000000001,Sat,1,5
2021-05-22 20:00:00,0.26,6.62,3.365373,0,10.245373,Sat,1,5
2021-05-22 21:00:00,0.17200000000000001,6.448,3.372303,0,9.992303,Sat,1,after_class
2021-05-22 22:00:00,0.0,6.398,3.396552,0,9.794552,Sat,1,after_class
2021-05-22 23:00:00,0.0,6.816000000000001,3.526454,0,10.342454,Sat,1,after_class
2021-05-23 00:00:00,0.0,5.189,2.646574,0,7.835574,Sun,1,after_class
2021-05-23 01:00:00,0.0,6.998,3.372303,0,10.370303,Sun,1,after_class
2021-05-23 02:00:00,0.0,6.763999999999999,3.394817,0,10.158816999999999,Sun,1,after_class
2021-05-23 03:00:00,0.0,6.890000000000001,3.28743,0,10.177430000000001,Sun,1,after_class
2021-05-23 04:00:00,0.0,6.998,3.1852400000000003,0,10.183240000000001,Sun,1,after_class
2021-05-23 05:00:00,0.0,6.758,2.8215120000000002,0,9.579512000000001,Sun,1,after_class
2021-05-23 06:00:00,0.36100000000000004,6.18,2.60154,0,9.14254,Sun,1,after_class
2021-05-23 07:00:00,0.518,5.006,6.3029329999999995,0,11.826933,Sun,1,after_class
2021-05-23 08:00:00,2.234,7.362,5.570271999999999,0,15.166272,Sun,1,after_class
2021-05-23 09:00:00,4.402,8.088000000000001,9.619805,0,22.109805,Sun,1,1
2021-05-23 10:00:00,4.680999999999999,7.912,7.7509239999999995,0,20.343924,Sun,1,1
2021-05-23 11:00:00,6.583000000000001,7.478,8.26361,0,22.32461,Sun,1,1
2021-05-23 12:00:00,6.346,7.4799999999999995,11.277377,1,26.103377000000002,Sun,1,2
2021-05-23 13:00:00,7.698000000000001,8.052,12.108763,0,27.858763,Sun,1,break
2021-05-23 14:00:00,7.488999999999999,7.9559999999999995,14.516311,1,30.961311,Sun,1,3
2021-05-23 15:00:00,7.377999999999999,8.786,12.281966,0,28.445966,Sun,1,3
2021-05-23 16:00:00,6.886,9.81,7.12219,1,24.81819,Sun,1,4
2021-05-23 17:00:00,6.174,9.975999999999999,3.0969059999999997,0,19.246906,Sun,1,4
2021-05-23 18:00:00,3.7369999999999997,8.956,3.3965490000000003,0,16.089548999999998,Sun,1,5
2021-05-23 19:00:00,1.616,7.73,3.64077,1,13.98677,Sun,1,5
2021-05-23 20:00:00,0.221,6.619999999999999,3.448512,0,10.289511999999998,Sun,1,5
2021-05-23 21:00:00,0.112,6.28,3.446778,0,9.838778000000001,Sun,1,after_class
2021-05-23 22:00:00,0.0,6.2860000000000005,3.372303,0,9.658303,Sun,1,after_class
2021-05-23 23:00:00,0.0,7.085999999999999,3.614788,0,10.700788,Sun,1,after_class
2021-05-24 00:00:00,0.0,6.86,3.474493,0,10.334493,Mon,0,after_class
2021-05-24 01:00:00,0.0,6.902,3.4329229999999997,0,10.334923,Mon,0,after_class
2021-05-24 02:00:00,0.0,6.86,3.290895,0,10.150895,Mon,0,after_class
2021-05-24 03:00:00,0.0,6.954000000000001,3.453708,0,10.407708,Mon,0,after_class
2021-05-24 04:00:00,0.0,6.892,3.344588,0,10.236588000000001,Mon,0,after_class
2021-05-24 05:00:00,0.057,6.364,2.476832,0,8.897832000000001,Mon,0,after_class
2021-05-24 06:00:00,0.518,6.206,3.3930860000000003,0,10.117086,Mon,0,after_class
2021-05-24 07:00:00,1.5019999999999993,5.414,6.2180599999999995,0,13.134059999999998,Mon,0,after_class
2021-05-24 08:00:00,3.645999999999999,6.972,8.265342,0,18.883342,Mon,0,after_class
2021-05-24 09:00:00,7.186000000000001,8.548,15.311322,1,32.045322,Mon,0,1
2021-05-24 10:00:00,10.378,10.498000000000001,15.921004,2,38.797004,Mon,0,1
2021-05-24 11:00:00,12.173,14.806,16.120187,1,44.099187,Mon,0,1
2021-05-24 12:00:00,12.213000000000001,14.292,16.575718000000002,2,45.080718000000005,Mon,0,2
2021-05-24 13:00:00,14.327999999999998,14.064,12.134741,2,42.526740999999994,Mon,0,break
2021-05-24 14:00:00,14.819,15.742,6.110673,2,38.671673,Mon,0,3
2021-05-24 15:00:00,14.565999999999997,16.701999999999998,4.335322,1,36.60332199999999,Mon,0,3
2021-05-24 16:00:00,13.448999999999995,16.022,3.264914,0,32.735913999999994,Mon,0,4
2021-05-24 17:00:00,12.225999999999999,14.638000000000002,3.334196,0,30.198196,Mon,0,4
2021-05-24 18:00:00,10.163,13.082,3.327267,0,26.572267,Mon,0,5
2021-05-24 19:00:00,8.506999999999998,11.498,3.529918,0,23.534917999999994,Mon,0,5
2021-05-24 20:00:00,4.284,8.204,3.377498,0,15.865497999999999,Mon,0,5
2021-05-24 21:00:00,0.005,6.302,3.540312,0,9.847311999999999,Mon,0,after_class
2021-05-24 22:00:00,0.0,6.4,3.427726,0,9.827726,Mon,0,after_class
2021-05-24 23:00:00,0.0,6.7940000000000005,3.34632,0,10.140320000000001,Mon,0,after_class
2021-05-25 00:00:00,0.0,5.2909999999999995,2.3694430000000004,0,7.660443,Tue,0,after_class
2021-05-25 01:00:00,0.0,6.938000000000001,3.2181509999999998,0,10.156151000000001,Tue,0,after_class
2021-05-25 02:00:00,0.0,6.852,3.251059,0,10.103059,Tue,0,after_class
2021-05-25 03:00:00,0.0,6.858,3.304751,0,10.162751,Tue,0,after_class
2021-05-25 04:00:00,0.0,6.79,3.157527,0,9.947527000000001,Tue,0,after_class
2021-05-25 05:00:00,0.0,6.606,2.513205,0,9.119205000000001,Tue,0,after_class
2021-05-25 06:00:00,1.358,6.394,3.4641,0,11.2161,Tue,0,after_class
2021-05-25 07:00:00,2.311,5.7,7.766512,0,15.777511999999998,Tue,0,after_class
2021-05-25 08:00:00,4.504999999999999,6.678000000000001,13.004232,1,25.187232,Tue,0,after_class
2021-05-25 09:00:00,5.925000000000002,8.485999999999999,16.676180000000002,2,33.087180000000004,Tue,0,1
2021-05-25 10:00:00,7.221000000000004,8.48,18.61261,1,35.313610000000004,Tue,0,1
2021-05-25 11:00:00,12.267,14.584,19.468242,2,48.319242,Tue,0,1
2021-05-25 12:00:00,12.171000000000003,14.05,18.461919,2,46.682919000000005,Tue,0,2
2021-05-25 13:00:00,13.392000000000003,13.972,17.272004000000003,1,45.63600400000001,Tue,0,break
2021-05-25 14:00:00,13.211,14.626,15.922737,2,45.759737,Tue,0,3
2021-05-25 15:00:00,14.148,17.096,7.657394,1,39.901393999999996,Tue,0,3
2021-05-25 16:00:00,14.064999999999998,18.406,4.361302,1,37.832302,Tue,0,4
2021-05-25 17:00:00,13.241,15.652000000000001,3.150597,0,32.043597,Tue,0,4
2021-05-25 18:00:00,11.423999999999998,14.222000000000001,3.169653,0,28.815653,Tue,0,5
2021-05-25 19:00:00,4.692,11.766,3.652894,1,21.110894,Tue,0,5
2021-05-25 20:00:00,1.8999999999999995,8.884,3.238935,0,14.022934999999999,Tue,0,5
2021-05-25 21:00:00,1.3980000000000001,8.126,3.465833,0,12.989832999999999,Tue,0,after_class
2021-05-25 22:00:00,0.0,6.2860000000000005,3.195633,0,9.481633,Tue,0,after_class
2021-05-25 23:00:00,0.0,7.026000000000001,3.289164,0,10.315164000000001,Tue,0,after_class
2021-05-26 00:00:00,0.0,5.444,2.30709,0,7.75109,Wed,0,after_class
2021-05-26 01:00:00,0.0,7.29,3.3705689999999997,0,10.660568999999999,Wed,0,after_class
2021-05-26 02:00:00,0.0,7.1259999999999994,3.2216129999999996,0,10.347612999999999,Wed,0,after_class
2021-05-26 03:00:00,0.0,6.933999999999999,3.133277,0,10.067276999999999,Wed,0,after_class
2021-05-26 04:00:00,0.0,7.112,3.166188,0,10.278188,Wed,0,after_class
2021-05-26 05:00:00,0.0,6.856,2.551311,0,9.407311,Wed,0,after_class
2021-05-26 06:00:00,0.262,5.938,3.5784149999999997,0,9.778414999999999,Wed,0,after_class
2021-05-26 07:00:00,2.254,5.795999999999999,8.045373,0,16.095373,Wed,0,after_class
2021-05-26 08:00:00,5.732000000000001,7.966,11.722515000000001,0,25.420515,Wed,0,after_class
2021-05-26 09:00:00,9.212000000000002,11.698,11.294697,1,33.204697,Wed,0,1
2021-05-26 10:00:00,9.921,12.164,13.655484,1,36.740484,Wed,0,1
2021-05-26 11:00:00,11.550000000000006,14.506,15.20047,1,42.25647000000001,Wed,0,1
2021-05-26 12:00:00,11.005,13.856,16.414637,1,42.275637,Wed,0,2
2021-05-26 13:00:00,10.603000000000002,11.826,16.968893,3,42.397893,Wed,0,break
2021-05-26 14:00:00,11.849999999999998,14.376000000000001,13.612181,1,40.838181,Wed,0,3
2021-05-26 15:00:00,11.415000000000001,12.832,9.616343,1,34.863343,Wed,0,3
2021-05-26 16:00:00,10.035000000000002,12.486,6.458814,1,29.979814,Wed,0,4
2021-05-26 17:00:00,8.601999999999999,12.272,2.8267059999999997,0,23.700705999999997,Wed,0,4
2021-05-26 18:00:00,7.036999999999997,11.28,3.453707,1,22.770706999999998,Wed,0,5
2021-05-26 19:00:00,1.419,7.938,3.427727,0,12.784727,Wed,0,5
2021-05-26 20:00:00,0.835,6.51,3.2545219999999997,0,10.599522,Wed,0,5
2021-05-26 21:00:00,0.048999999999999995,6.048,3.330731,0,9.427731000000001,Wed,0,after_class
2021-05-26 22:00:00,0.0,6.048,3.2372009999999998,0,9.285201,Wed,0,after_class
2021-05-26 23:00:00,0.0,6.546,3.3809620000000002,0,9.926962,Wed,0,after_class
2021-05-27 00:00:00,0.0,5.039,2.298431,0,7.337431,Thu,0,after_class
2021-05-27 01:00:00,0.0,6.71,3.245862,0,9.955862,Thu,0,after_class
2021-05-27 02:00:00,0.0,6.526000000000001,3.162725,0,9.688725000000002,Thu,0,after_class
2021-05-27 03:00:00,0.0,6.53,3.095174,0,9.625174000000001,Thu,0,after_class
2021-05-27 04:00:00,0.0,6.784000000000001,3.240665,0,10.024665,Thu,0,after_class
2021-05-27 05:00:00,0.007,6.628,3.006839,0,9.641839,Thu,0,after_class
2021-05-27 06:00:00,1.919,7.136,2.5322560000000003,0,11.587256,Thu,0,after_class
2021-05-27 07:00:00,2.792,6.866,2.4924220000000004,0,12.150421999999999,Thu,0,after_class
2021-05-27 08:00:00,6.328999999999999,9.414,2.9670009999999998,0,18.710001,Thu,0,after_class
2021-05-27 09:00:00,9.449,14.102,3.552435,0,27.103435,Thu,0,1
2021-05-27 10:00:00,10.059999999999999,14.251999999999999,3.755084,0,28.067083999999998,Thu,0,1
2021-05-27 11:00:00,11.887,17.032,2.986054,0,31.905054,Thu,0,1
2021-05-27 12:00:00,11.749,17.21,3.297824,0,32.256824,Thu,0,2
2021-05-27 13:00:00,12.850999999999999,17.696,3.900576,0,34.447576,Thu,0,break
2021-05-27 14:00:00,11.767,19.6,3.128082,0,34.495082000000004,Thu,0,3
2021-05-27 15:00:00,13.356,18.274,4.29202,0,35.92202,Thu,0,3
2021-05-27 16:00:00,13.469999999999999,18.182,3.4883499999999996,0,35.14035,Thu,0,4
2021-05-27 17:00:00,13.370000000000003,16.948,4.177705,0,34.495705,Thu,0,4
2021-05-27 18:00:00,9.996999999999993,14.040000000000001,3.4467790000000003,1,28.48377899999999,Thu,0,5
2021-05-27 19:00:00,3.7980000000000005,9.517999999999999,3.926557,0,17.242556999999998,Thu,0,5
2021-05-27 20:00:00,2.044,7.3,3.434654,0,12.778654,Thu,0,5
2021-05-27 21:00:00,0.6780000000000002,6.684,3.353249,0,10.715249,Thu,0,after_class
2021-05-27 22:00:00,0.0,6.244000000000001,3.47276,0,9.71676,Thu,0,after_class
2021-05-27 23:00:00,0.0,6.664,3.441582,0,10.105582,Thu,0,after_class
2021-05-28 00:00:00,0.0,6.492,3.465831,0,9.957831,Fri,0,after_class
2021-05-28 01:00:00,0.0,6.728,3.434656,0,10.162656,Fri,0,after_class
2021-05-28 02:00:00,0.0,6.492,3.439852,0,9.931852,Fri,0,after_class
2021-05-28 03:00:00,0.0,6.444,3.453707,0,9.897707,Fri,0,after_class
2021-05-28 04:00:00,0.0,6.542,3.427728,0,9.969728,Fri,0,after_class
2021-05-28 05:00:00,0.0,6.104,2.7314420000000004,0,8.835442,Fri,0,after_class
2021-05-28 06:00:00,0.23299999999999998,5.702,2.949682,0,8.884682,Fri,0,after_class
2021-05-28 07:00:00,1.6659999999999995,5.798,5.887238,0,13.351237999999999,Fri,0,after_class
2021-05-28 08:00:00,4.803000000000001,8.120000000000001,8.753779999999999,0,21.67678,Fri,0,after_class
2021-05-28 09:00:00,6.957000000000001,10.172,14.088497,0,31.217497,Fri,0,1
2021-05-28 10:00:00,7.7989999999999995,10.768,13.187829,0,31.754829,Fri,0,1
2021-05-28 11:00:00,10.604000000000001,13.474,15.229917,1,40.307917,Fri,0,1
2021-05-28 12:00:00,11.375999999999998,14.088000000000001,12.979984,1,39.443984,Fri,0,2
2021-05-28 13:00:00,12.858999999999998,15.4,8.445476,0,36.704476,Fri,0,break
2021-05-28 14:00:00,12.206999999999997,16.424,6.831205,1,36.462205,Fri,0,3
2021-05-28 15:00:00,13.334999999999997,17.532,6.391264,1,38.258264,Fri,0,3
2021-05-28 16:00:00,10.421,17.806,3.327267,0,31.554267,Fri,0,4
2021-05-28 17:00:00,10.94,15.86,3.079585,0,29.879585,Fri,0,4
2021-05-28 18:00:00,11.067000000000002,14.958000000000002,3.497008,0,29.522008000000007,Fri,0,5
2021-05-28 19:00:00,7.979,11.834,3.2354700000000003,0,23.04847,Fri,0,5
2021-05-28 20:00:00,4.835,8.565999999999999,3.410406,0,16.811405999999998,Fri,0,5
2021-05-28 21:00:00,4.34,8.533999999999999,3.4398530000000003,0,16.313852999999998,Fri,0,after_class
2021-05-28 22:00:00,1.0610000000000002,7.12,3.3792299999999997,0,11.56023,Fri,0,after_class
2021-05-28 23:00:00,0.0,6.802,3.398283,0,10.200282999999999,Fri,0,after_class
2021-05-29 00:00:00,0.0,5.409,2.420542,0,7.829542,Sat,1,after_class
2021-05-29 01:00:00,0.0,6.95,3.48142,0,10.43142,Sat,1,after_class
2021-05-29 02:00:00,0.0,6.8,3.361909,0,10.161909,Sat,1,after_class
2021-05-29 03:00:00,0.0,7.004,3.361911,0,10.365911,Sat,1,after_class
2021-05-29 04:00:00,0.0,7.088,3.280503,0,10.368503,Sat,1,after_class
2021-05-29 05:00:00,0.0,6.848,3.017233,0,9.865233,Sat,1,after_class
2021-05-29 06:00:00,0.326,6.398,2.430066,0,9.154066,Sat,1,after_class
2021-05-29 07:00:00,2.0109999999999997,6.842,2.9756609999999997,1,12.828661,Sat,1,after_class
2021-05-29 08:00:00,7.642000000000001,11.367999999999999,4.421925,0,23.431925,Sat,1,after_class
2021-05-29 09:00:00,11.533000000000003,13.471999999999998,7.026927,0,32.031927,Sat,1,1
2021-05-29 10:00:00,10.256000000000002,11.7,8.816135,1,31.772135000000002,Sat,1,1
2021-05-29 11:00:00,11.338999999999997,12.49,9.349606,1,34.178605999999995,Sat,1,1
2021-05-29 12:00:00,10.504000000000001,11.678,11.337997999999999,1,34.519998,Sat,1,2
2021-05-29 13:00:00,12.707,12.21,12.216149,2,39.133149,Sat,1,break
2021-05-29 14:00:00,12.895999999999997,11.8,12.443048000000001,2,39.139048,Sat,1,3
2021-05-29 15:00:00,13.136,13.348,7.981287,1,35.465287000000004,Sat,1,3
2021-05-29 16:00:00,12.64,13.95,6.036195,1,33.626195,Sat,1,4
2021-05-29 17:00:00,11.532000000000002,12.954,4.290288,1,29.776288000000005,Sat,1,4
2021-05-29 18:00:00,9.493000000000002,12.206,3.552434,0,25.251434000000003,Sat,1,5
2021-05-29 19:00:00,3.2620000000000005,8.81,3.781067,1,16.853067000000003,Sat,1,5
2021-05-29 20:00:00,1.383,7.587999999999999,3.372301,0,12.343301,Sat,1,5
2021-05-29 21:00:00,0.6570000000000001,6.886,3.5351150000000002,0,11.078115,Sat,1,after_class
2021-05-29 22:00:00,0.197,6.336,3.380961,0,9.913961,Sat,1,after_class
2021-05-29 23:00:00,0.0,6.661999999999999,3.3515170000000003,0,10.013517,Sat,1,after_class
2021-05-30 00:00:00,0.0,6.942,3.2718439999999998,0,10.213844,Sun,1,after_class
2021-05-30 01:00:00,0.0,6.958,3.235469,0,10.193469,Sun,1,after_class
2021-05-30 02:00:00,0.0,6.768000000000001,3.223344,0,9.991344000000002,Sun,1,after_class
2021-05-30 03:00:00,0.0,6.694,3.348053,0,10.042053,Sun,1,after_class
2021-05-30 04:00:00,0.0,6.869999999999999,3.266647,0,10.136647,Sun,1,after_class
2021-05-30 05:00:00,0.0,6.7940000000000005,3.0137669999999996,0,9.807767,Sun,1,after_class
2021-05-30 06:00:00,0.392,6.174,2.850955,0,9.416955000000002,Sun,1,after_class
2021-05-30 07:00:00,0.552,5.068,5.617039,0,11.237039,Sun,1,after_class
2021-05-30 08:00:00,3.154,7.767999999999999,6.316785,0,17.238785,Sun,1,after_class
2021-05-30 09:00:00,4.676,7.688,13.293482000000001,1,26.657482,Sun,1,1
2021-05-30 10:00:00,5.367,7.3919999999999995,14.88524,0,27.64424,Sun,1,1
2021-05-30 11:00:00,6.5120000000000005,8.008,16.229309,1,31.749309,Sun,1,1
2021-05-30 12:00:00,6.737,7.74,17.164617,0,31.641617,Sun,1,2
2021-05-30 13:00:00,7.837999999999999,10.158,8.407371,1,27.403371,Sun,1,break
2021-05-30 14:00:00,8.495,10.73,3.670215,1,23.895215,Sun,1,3
2021-05-30 15:00:00,7.57,10.852,4.078979,1,23.500979,Sun,1,3
2021-05-30 16:00:00,7.005999999999999,10.72,4.4894739999999995,0,22.215474,Sun,1,4
2021-05-30 17:00:00,5.860000000000001,10.554,3.415603,0,19.829603000000002,Sun,1,4
2021-05-30 18:00:00,3.7709999999999995,9.24,3.469298,0,16.480297999999998,Sun,1,5
2021-05-30 19:00:00,2.0300000000000002,8.374,3.228541,0,13.632541,Sun,1,5
2021-05-30 20:00:00,0.643,7.1240000000000006,3.358446,0,11.125446,Sun,1,5
2021-05-30 21:00:00,0.201,6.62,3.2475940000000003,0,10.068594000000001,Sun,1,after_class
2021-05-30 22:00:00,0.0,6.4,3.270111,0,9.670111,Sun,1,after_class
2021-05-30 23:00:00,0.0,6.8999999999999995,3.2805039999999996,0,10.180503999999999,Sun,1,after_class
2021-05-31 00:00:00,0.0025,5.388,2.401487,0,7.791987000000001,Mon,0,after_class
2021-05-31 01:00:00,0.0,7.102,3.275306,0,10.377306,Mon,0,after_class
2021-05-31 02:00:00,0.0,7.012,3.204293,0,10.216293,Mon,0,after_class
2021-05-31 03:00:00,0.0,6.87,3.240665,0,10.110665000000001,Mon,0,after_class
2021-05-31 04:00:00,0.0,7.0,3.256255,0,10.256255,Mon,0,after_class
2021-05-31 05:00:00,0.013,6.69,2.760889,0,9.463889,Mon,0,after_class
2021-05-31 06:00:00,0.29,5.992,3.661555,0,9.943555,Mon,0,after_class
2021-05-31 07:00:00,1.6649999999999998,5.276,8.552863,0,15.493863000000001,Mon,0,after_class
2021-05-31 08:00:00,3.5380000000000003,6.6979999999999995,13.016356,0,23.252356,Mon,0,after_class
2021-05-31 09:00:00,6.434999999999999,10.538,7.463404,1,25.436404,Mon,0,1
2021-05-31 10:00:00,9.611,11.17,13.887576,1,35.668576,Mon,0,1
2021-05-31 11:00:00,12.085,14.982,14.528437,0,41.595437000000004,Mon,0,1
2021-05-31 12:00:00,11.841999999999999,15.132,12.799849,1,40.773849,Mon,0,2
2021-05-31 13:00:00,13.344999999999999,14.443999999999999,13.445903000000001,1,42.234903,Mon,0,break
2021-05-31 14:00:00,11.636999999999999,13.398,16.856312000000003,0,41.891312,Mon,0,3
2021-05-31 15:00:00,12.113,14.218,12.418799,1,39.749798999999996,Mon,0,3
2021-05-31 16:00:00,10.166999999999996,13.870000000000001,7.246895,0,31.283895,Mon,0,4
2021-05-31 17:00:00,10.757999999999997,14.006,3.199096,0,27.963095999999997,Mon,0,4
2021-05-31 18:00:00,9.633999999999997,12.674000000000001,3.339392,1,26.647392,Mon,0,5
2021-05-31 19:00:00,6.772999999999999,10.792,3.5749500000000003,0,21.13995,Mon,0,5
2021-05-31 20:00:00,3.742999999999999,8.120000000000001,3.257986,0,15.120985999999998,Mon,0,5
2021-05-31 21:00:00,0.118,6.635999999999999,3.230273,0,9.984273,Mon,0,after_class
2021-05-31 22:00:00,0.0,6.148,3.083049,0,9.231048999999999,Mon,0,after_class
2021-05-31 23:00:00,0.0,6.853999999999999,3.183508,0,10.037507999999999,Mon,0,after_class
