member_id,visits,amount_per_visit,days_since_last,share_meal,share_drink,share_snack,share_stationery,renewed
1001,27,468.5,0,0.784,0.197,0.019,0.0,1
1002,38,438.4,0,0.79,0.188,0.022,0.0,1
1003,32,451.2,0,0.782,0.218,0.0,0.0,1
1004,32,415.0,0,0.783,0.208,0.009,0.0,1
1005,28,440.4,0,0.75,0.211,0.039,0.0,1
1006,34,468.5,2,0.777,0.216,0.008,0.0,1
1007,33,469.1,0,0.764,0.213,0.023,0.0,1
1008,30,505.7,9,0.784,0.208,0.008,0.0,1
1009,35,482.6,2,0.768,0.211,0.021,0.0,0
1010,31,443.2,0,0.774,0.209,0.017,0.0,1
1011,22,496.8,4,0.773,0.205,0.022,0.0,1
1012,28,483.2,3,0.777,0.214,0.009,0.0,1
1013,36,474.4,2,0.802,0.177,0.021,0.0,1
1014,37,454.1,8,0.758,0.227,0.014,0.0,1
1015,34,490.0,0,0.766,0.212,0.022,0.0,1
1016,28,463.9,0,0.797,0.194,0.009,0.0,1
1017,38,434.2,0,0.75,0.221,0.029,0.0,0
1018,42,453.8,0,0.747,0.234,0.019,0.0,1
1019,23,481.3,14,0.777,0.201,0.022,0.0,0
1020,31,444.5,0,0.771,0.212,0.017,0.0,1
1021,26,428.8,1,0.789,0.2,0.011,0.0,1
1022,40,453.8,0,0.778,0.202,0.02,0.0,1
1023,40,423.2,1,0.769,0.21,0.021,0.0,1
1024,25,494.4,1,0.802,0.159,0.039,0.0,1
1025,35,460.9,2,0.743,0.228,0.03,0.0,1
1026,31,469.7,0,0.723,0.244,0.033,0.0,1
1027,40,455.2,2,0.769,0.217,0.013,0.0,0
1028,33,433.9,1,0.8,0.184,0.017,0.0,0
1029,38,454.5,0,0.759,0.214,0.028,0.0,1
1030,39,422.1,1,0.744,0.248,0.007,0.0,0
1031,37,465.1,0,0.793,0.193,0.014,0.0,1
1032,32,409.4,0,0.741,0.24,0.018,0.0,1
1033,39,476.2,0,0.774,0.219,0.006,0.0,1
1034,42,490.7,0,0.758,0.23,0.012,0.0,1
1035,39,469.2,0,0.793,0.193,0.013,0.0,1
1036,35,444.3,1,0.718,0.236,0.046,0.0,1
1037,39,475.6,1,0.769,0.205,0.026,0.0,1
1038,38,465.8,0,0.737,0.229,0.034,0.0,1
1039,28,458.9,1,0.756,0.225,0.019,0.0,1
1040,26,481.5,0,0.791,0.2,0.01,0.0,0
1041,44,460.9,2,0.719,0.251,0.03,0.0,1
1042,38,425.5,3,0.779,0.221,0.0,0.0,1
1043,35,430.6,0,0.758,0.234,0.008,0.0,1
1044,38,460.3,1,0.763,0.196,0.041,0.0,1
1045,28,472.1,1,0.74,0.197,0.064,0.0,1
1046,30,403.7,1,0.708,0.273,0.02,0.0,0
1047,32,470.9,2,0.785,0.199,0.016,0.0,1
1048,43,499.8,0,0.788,0.19,0.022,0.0,1
1049,27,414.4,0,0.849,0.14,0.011,0.0,1
1050,35,461.4,1,0.767,0.211,0.022,0.0,1
1051,24,464.2,2,0.753,0.225,0.022,0.0,1
1052,27,476.3,1,0.778,0.194,0.028,0.0,1
1053,29,526.9,2,0.795,0.19,0.016,0.0,1
1054,32,465.0,1,0.764,0.212,0.024,0.0,1
1055,34,465.9,3,0.759,0.226,0.015,0.0,1
1056,42,494.8,0,0.76,0.222,0.017,0.0,1
1057,32,480.3,3,0.769,0.223,0.008,0.0,1
1058,37,463.5,2,0.783,0.176,0.042,0.0,1
1059,26,436.2,1,0.748,0.231,0.021,0.0,1
1060,47,433.2,2,0.764,0.212,0.024,0.0,1
1061,37,477.6,0,0.823,0.164,0.014,0.0,1
1062,44,429.1,0,0.763,0.224,0.013,0.0,1
1063,39,459.2,0,0.753,0.227,0.02,0.0,1
1064,37,519.5,2,0.783,0.199,0.019,0.0,1
1065,38,509.5,0,0.792,0.183,0.025,0.0,1
1066,38,459.2,0,0.791,0.195,0.014,0.0,1
1067,31,483.9,0,0.763,0.229,0.008,0.0,1
1068,34,485.0,0,0.753,0.24,0.007,0.0,1
1069,39,479.0,0,0.752,0.216,0.032,0.0,1
1070,43,430.7,1,0.773,0.214,0.013,0.0,1
1071,53,272.1,0,0.062,0.578,0.359,0.0,1
1072,49,303.1,0,0.061,0.514,0.425,0.0,1
1073,57,306.8,0,0.062,0.511,0.428,0.0,1
1074,34,267.4,4,0.079,0.58,0.341,0.0,1
1075,60,293.5,0,0.061,0.537,0.402,0.0,1
1076,61,286.2,0,0.021,0.55,0.429,0.0,1
1077,57,316.8,0,0.09,0.497,0.414,0.0,1
1078,51,293.5,0,0.096,0.531,0.373,0.0,1
1079,57,289.1,0,0.066,0.541,0.394,0.0,1
1080,66,285.5,0,0.029,0.552,0.419,0.0,0
1081,70,279.9,0,0.074,0.553,0.374,0.0,1
1082,56,302.7,1,0.085,0.516,0.399,0.0,1
1083,49,288.6,1,0.064,0.545,0.391,0.0,1
1084,42,298.3,0,0.086,0.524,0.389,0.0,1
1085,49,277.3,0,0.053,0.567,0.38,0.0,1
1086,55,300.0,0,0.065,0.521,0.414,0.0,1
1087,54,284.6,1,0.059,0.547,0.395,0.0,1
1088,52,294.0,0,0.059,0.534,0.407,0.0,1
1089,44,296.8,0,0.055,0.531,0.414,0.0,1
1090,45,284.7,7,0.056,0.544,0.4,0.0,0
1091,62,291.5,1,0.07,0.536,0.395,0.0,0
1092,58,313.8,0,0.079,0.503,0.418,0.0,1
1093,50,279.0,0,0.09,0.556,0.353,0.0,1
1094,58,273.4,0,0.057,0.564,0.379,0.0,1
1095,49,297.3,1,0.049,0.526,0.424,0.0,1
1096,42,309.8,0,0.069,0.508,0.423,0.0,1
1097,49,273.1,1,0.027,0.57,0.404,0.0,1
1098,57,327.2,0,0.087,0.483,0.431,0.0,1
1099,46,278.7,0,0.014,0.56,0.426,0.0,1
1100,42,288.3,0,0.104,0.543,0.353,0.0,1
1101,56,315.9,0,0.061,0.498,0.441,0.0,1
1102,53,320.8,1,0.064,0.491,0.445,0.0,1
1103,51,286.3,1,0.062,0.543,0.395,0.0,1
1104,50,282.8,0,0.038,0.55,0.412,0.0,1
1105,46,289.6,0,0.081,0.539,0.38,0.0,1
1106,63,294.4,0,0.049,0.528,0.424,0.0,1
1107,54,298.5,0,0.067,0.525,0.408,0.0,1
1108,72,288.3,0,0.078,0.535,0.387,0.0,0
1109,48,277.3,0,0.054,0.559,0.387,0.0,1
1110,58,318.1,1,0.078,0.492,0.43,0.0,1
1111,58,267.4,0,0.0,0.587,0.413,0.0,1
1112,66,294.8,0,0.046,0.532,0.421,0.0,1
1113,53,278.5,0,0.073,0.552,0.375,0.0,1
1114,58,299.0,0,0.052,0.52,0.428,0.0,1
1115,50,284.2,0,0.038,0.546,0.416,0.0,1
1116,55,305.1,1,0.097,0.515,0.388,0.0,1
1117,46,318.7,0,0.098,0.493,0.409,0.0,0
1118,53,302.5,0,0.067,0.516,0.417,0.0,0
1119,60,302.7,0,0.05,0.513,0.438,0.0,1
1120,58,289.3,0,0.043,0.536,0.421,0.0,1
1121,53,316.2,0,0.032,0.493,0.474,0.0,1
1122,60,291.7,0,0.082,0.538,0.379,0.0,1
1123,56,297.0,0,0.011,0.528,0.461,0.0,1
1124,54,322.0,0,0.072,0.485,0.442,0.0,0
1125,59,274.4,1,0.033,0.568,0.398,0.0,1
1126,4,317.5,9,0.0,0.205,0.0,0.795,0
1127,4,530.0,35,0.0,0.123,0.0,0.877,0
1128,4,417.5,29,0.0,0.078,0.0,0.922,0
1129,4,267.5,9,0.0,0.0,0.0,1.0,0
1130,3,376.7,4,0.0,0.23,0.0,0.77,0
1131,2,175.0,39,0.0,0.371,0.0,0.629,0
1132,2,275.0,18,0.0,0.0,0.0,1.0,0
1133,7,367.1,32,0.0,0.152,0.0,0.848,0
1134,9,428.9,18,0.0,0.168,0.0,0.832,0
1135,7,408.6,17,0.0,0.182,0.0,0.818,0
1136,3,526.7,78,0.0,0.165,0.0,0.835,0
1137,4,415.0,38,0.0,0.157,0.0,0.843,0
1138,6,403.3,14,0.0,0.107,0.0,0.893,0
1139,6,388.3,7,0.0,0.112,0.0,0.888,1
1140,4,445.0,7,0.0,0.146,0.0,0.854,0
1141,3,143.3,52,0.0,0.302,0.0,0.698,0
1142,3,490.0,15,0.0,0.0,0.0,1.0,0
1143,6,455.0,3,0.0,0.143,0.0,0.857,1
1144,2,440.0,8,0.0,0.295,0.0,0.705,0
1145,3,333.3,31,0.0,0.13,0.0,0.87,0
1146,6,370.0,9,0.0,0.234,0.0,0.766,0
1147,5,480.0,35,0.0,0.108,0.0,0.892,0
1148,2,455.0,44,0.0,0.286,0.0,0.714,0
1149,4,347.5,28,0.0,0.0,0.0,1.0,0
1150,4,332.5,8,0.0,0.098,0.0,0.902,0
1151,5,378.0,3,0.0,0.069,0.0,0.931,1
1152,6,426.7,16,0.0,0.051,0.0,0.949,0
1153,4,495.0,18,0.0,0.131,0.0,0.869,0
1154,7,425.7,18,0.0,0.087,0.0,0.913,0
1155,4,455.0,45,0.0,0.071,0.0,0.929,0
1156,6,648.3,24,0.0,0.1,0.0,0.9,0
1157,6,341.7,23,0.0,0.063,0.0,0.937,0
1158,8,463.8,3,0.0,0.07,0.0,0.93,0
1159,2,200.0,51,0.0,0.0,0.0,1.0,0
1160,2,415.0,81,0.0,0.157,0.0,0.843,0
1161,5,464.0,3,0.0,0.056,0.0,0.944,0
1162,5,650.0,8,0.0,0.12,0.0,0.88,0
1163,2,400.0,11,0.0,0.0,0.0,1.0,0
1164,7,428.6,3,0.0,0.13,0.0,0.87,0
1165,7,414.3,14,0.0,0.134,0.0,0.866,1
1166,8,1320.0,10,0.585,0.201,0.13,0.084,0
1167,2,1510.0,9,0.642,0.043,0.136,0.179,0
1168,7,1624.3,23,0.527,0.218,0.073,0.182,0
1169,4,1125.0,3,0.582,0.216,0.131,0.071,0
1170,8,1465.0,10,0.444,0.18,0.187,0.189,0
1171,9,1237.8,9,0.469,0.241,0.142,0.149,0
1172,7,1391.4,17,0.509,0.203,0.109,0.179,0
1173,7,1475.7,0,0.497,0.19,0.143,0.17,1
1174,5,1602.0,28,0.589,0.212,0.087,0.111,0
1175,6,1285.0,1,0.46,0.198,0.228,0.113,1
1176,6,1506.7,0,0.533,0.136,0.111,0.22,1
1177,4,1475.0,4,0.512,0.192,0.09,0.207,0
1178,3,1533.3,36,0.563,0.15,0.113,0.174,0
1179,6,1476.7,28,0.514,0.193,0.134,0.159,0
1180,6,1250.0,14,0.577,0.233,0.101,0.088,0
1181,4,1737.5,28,0.584,0.181,0.085,0.15,0
1182,8,1490.0,2,0.567,0.127,0.148,0.158,0
1183,4,1325.0,14,0.587,0.217,0.055,0.142,0
1184,9,1348.9,10,0.511,0.171,0.151,0.167,0
1185,11,1574.5,17,0.605,0.18,0.11,0.106,1
1186,6,1535.0,17,0.543,0.228,0.098,0.131,0
1187,5,1454.0,15,0.569,0.155,0.162,0.113,0
1188,5,1688.0,30,0.566,0.165,0.113,0.156,0
1189,10,1669.0,18,0.55,0.204,0.098,0.147,0
1190,5,1588.0,16,0.513,0.193,0.097,0.198,0
1191,6,1451.7,14,0.602,0.18,0.116,0.102,1
1192,8,1351.2,17,0.561,0.192,0.105,0.142,1
1193,5,1236.0,42,0.587,0.257,0.066,0.089,1
1194,9,1608.9,17,0.558,0.154,0.105,0.183,0
1195,12,1630.0,0,0.6,0.158,0.111,0.13,0
1196,42,796.9,1,0.492,0.324,0.184,0.0,1
1197,38,735.3,0,0.497,0.345,0.158,0.0,1
1198,18,895.0,1,0.383,0.138,0.007,0.471,1
1199,16,869.4,2,0.46,0.133,0.0,0.407,1
1200,20,1818.0,2,0.51,0.19,0.129,0.17,1
